Date,Bergen County,Middlesex County,Essex County,Hudson County,Monmouth County,Ocean County,Union County,Camden County,Passaic County,Morris County,Burlington County,Mercer County,Somerset County,Gloucester County,Atlantic County,Cumberland County,Sussex County,Hunterdon County,Warren County,Cape May County,Salem County
1/31/2000,241016.8775,179302.1464,193329.723,164059.465,196554.9059,140701.3294,197904.5681,106254.0838,184779.8014,247155.9575,138725.9475,147231.643,238207.71,129044.332,112507.3347,96191.47865,155156.1112,256960.5754,166185.6994,161016.2389,98924.53859
2/29/2000,241644.475,179739.0987,194107.9839,164765.7765,197015.5447,141280.063,198549.6928,106404.6584,185361.6713,247772.9782,139007.1735,146988.9383,239065.93,129337.3362,112761.289,96327.80704,155648.4774,257742.0958,166499.0179,161728.1237,99072.94748
3/31/2000,242407.0317,180336.3224,194904.0458,165356.8097,197610.403,141611.8423,199197.398,106618.309,185983.1338,248593.6508,138620.87,146976.8251,239911.1898,129645.5491,113001.5416,96431.05034,156010.3857,258744.7456,166856.4416,162587.6823,99243.58127
4/30/2000,243971.6449,181564.0011,196192.5428,166615.657,198903.4451,142487.4412,200567.8542,107074.1322,187269.1128,250333.1037,138288.1301,147300.6035,241637.3341,130269.9801,113550.5032,96690.36822,156755.9279,260799.9067,167715.7267,164420.1534,99745.88144
5/31/2000,245765.6838,183222.4218,197353.7266,168025.4925,200567.218,143301.6304,201496.0824,107035.1181,188023.2082,252332.4578,137762.8014,147853.2309,243254.2138,130928.0392,114247.5442,96901.63753,157628.6285,263166.7753,168819.6533,166405.1736,100365.617
6/30/2000,248261.2744,185133.7058,198739.5969,169133.2051,202571.6182,144327.6164,202399.3127,106782.7424,188692.0656,254935.5625,137969.0736,148631.2943,245105.3818,131571.9989,115047.2444,97151.06486,157801.6696,266088.378,170116.8956,168541.7629,101092.7301
7/31/2000,250715.9868,187387.3599,200562.8813,170339.3661,205005.5378,145398.0541,203639.7697,106505.3695,189838.2501,258286.1568,138652.5697,149447.7774,247352.7579,131352.679,115428.9885,97361.94746,158172.4976,269341.0273,171663.5076,170725.4038,101846.2576
8/31/2000,253202.2416,189437.9372,202845.7056,171476.7992,208572.212,146655.0472,205780.1299,106828.0809,191935.0826,262453.6694,139515.7924,150802.4885,250076.7349,130951.1215,115715.7839,97482.74604,158655.9901,272441.4941,173179.4651,172712.9093,102512.5199
9/30/2000,255493.4651,191766.9913,205005.5384,173143.8986,212327.155,148257.9169,208374.3601,107384.67,194133.402,266577.2495,140375.1849,152325.556,253015.1985,130526.694,116062.6316,97658.18652,160241.6789,275050.0284,174854.289,174526.1537,103192.2226
10/31/2000,257888.2006,194085.155,207309.2481,174938.2346,215952.5323,149891.1563,210622.6915,107908.6621,195755.1817,269971.1666,141015.8126,154213.4661,255879.3908,131069.3123,116725.5379,97895.84304,161944.2736,277493.182,176384.3984,176021.3236,103759.4399
11/30/2000,260478.7572,196352.1239,209293.4298,176664.2699,218263.6276,151446.1773,212579.1588,108297.9134,197146.5898,272076.6694,141537.6498,155884.9657,258793.0451,131536.3555,117346.0834,98313.41483,163388.7036,280004.4208,177675.6549,177580.8489,104394.9293
12/31/2000,262746.669,197990.4155,211304.0546,178466.0682,220417.5126,152671.5654,214291.4169,108606.9252,198835.3125,273465.1918,141964.3869,157456.931,261698.7571,131938.926,117916.42,98541.9261,164468.5954,282413.4759,178792.9634,179090.0826,104983.1483
1/31/2001,265004.6959,199410.2993,213244.9154,180283.1674,222422.8543,153806.783,215877.5251,108913.9589,200855.7913,274634.109,142371.5429,158483.8421,264082.802,132223.9313,118615.52,98791.33798,165657.3108,284669.6623,179844.7888,180898.3316,105683.7292
2/28/2001,267038.7845,200966.5371,215430.2194,182351.815,224985.2566,155142.7822,217352.1017,109246.681,202921.8901,276550.2372,142852.194,159606.7658,266120.6953,132653.6982,119337.5013,99115.14612,167165.9782,286890.4412,181204.7156,182973.6397,106555.1049
3/31/2001,268919.5247,202765.0392,217753.2225,184373.0121,227107.8755,156624.9878,218593.8961,109550.4593,204618.9049,278612.8142,143425.1909,161022.2918,267861.0395,133121.392,119948.5219,99612.92142,168891.912,288904.4413,182648.2872,185155.9619,107391.036
4/30/2001,270852.3813,204770.1276,220065.8479,186348.6461,229253.3703,158169.8403,220072.9834,109881.6677,205907.9608,281038.7953,144105.5855,162765.3875,270170.566,133498.0871,120614.775,100075.7798,170662.3529,290798.0428,184108.4207,187297.1403,108260.9085
5/31/2001,272652.8822,206663.4402,222430.9119,188036.7844,231361.4952,159499.0368,221941.6012,110337.3234,207138.4342,283729.0191,144971.6799,164377.7205,272742.1223,133859.2255,121361.6071,100508.7792,172298.5239,292718.8996,185414.3341,188988.5625,109003.1561
6/30/2001,274435.4305,208950.8928,224777.2336,189997.7197,234208.6527,160915.9275,224316.3839,110972.2048,208491.0273,286038.6722,146091.1003,165908.549,275599.503,134376.1312,122171.5091,100917.1509,173909.6177,295453.8593,186733.1193,190668.7687,109822.3043
7/31/2001,276351.8648,211443.6815,227268.4955,192138.1823,237064.1737,162619.5612,226835.7599,111719.2556,210161.8065,287964.4787,147293.3527,167478.2231,278574.9387,135343.2349,123086.796,101482.0543,175391.5944,298820.4966,188001.5311,192279.9715,110535.3263
8/31/2001,278788.6911,214269.2362,229959.3572,194908.2552,239843.3967,164658.009,229255.9111,112543.9345,211936.9637,289479.9544,148650.526,169345.1238,281813.9227,136542.2123,124073.843,102011.931,176823.8339,302715.5964,189630.1786,194313.7777,111195.0465
9/30/2001,281598.2102,217019.7796,232753.9464,197709.8998,242366.0814,166972.7766,231540.9222,113439.821,214027.8995,291914.2937,150160.2083,171320.2371,285108.6932,137742.2566,125154.3657,102611.4257,178352.5292,306611.6187,191454.4235,196653.5383,111840.0084
10/31/2001,284686.1462,219738.38,235629.73,200898.4775,245504.8196,169055.5888,234057.4363,114346.6472,216234.3718,294839.8405,151809.2368,173235.4696,288476.4151,138649.759,126232.9338,102955.8912,179909.5217,309788.4543,193594.174,199267.5961,112475.0335
11/30/2001,287728.2892,222071.1593,238122.413,203880.634,248269.5994,170821.1157,236490.2296,115255.3665,218337.4553,297842.6509,153162.2517,175013.1933,291401.186,139469.0175,127275.0604,103050.9509,181453.6388,312188.0577,195690.0201,202131.9725,113180.3782
12/31/2001,290596.6258,224192.0039,240363.7431,206635.54,250858.6215,172169.7835,239448.9182,116008.2449,220262.2637,300641.5871,154076.9395,176694.1576,294057.5675,140286.191,128322.6202,103011.9457,182866.8797,313706.2916,197543.9722,204803.5694,113962.2566
1/31/2002,293497.4873,226098.8306,242370.562,209085.6262,252811.763,173729.5287,242598.4968,116710.1176,222122.8974,303162.4211,154782.6455,178381.4486,296494.9132,141212.1132,129254.0143,103157.1643,184118.8696,315175.0149,199143.7088,207270.4052,114890.793
2/28/2002,296130.9896,228391.3888,244423.8484,211374.8399,254939.3571,175569.3342,245698.4309,117150.6449,224059.4023,305307.4797,155668.2795,180116.6511,298889.0887,142223.7446,130176.2301,103781.0166,185349.1738,316717.4885,200444.4,209190.5318,116016.0682
3/31/2002,298888.918,230659.0088,246641.6081,213688.967,257286.704,177640.8543,248288.8653,117460.8102,226042.2436,306940.4798,156736.4829,181757.8395,301345.7965,143278.9027,131054.5437,104593.6949,186554.1229,318811.247,201603.6709,211017.6538,117212.0805
4/30/2002,301381.7209,232981.7846,248921.2229,215898.4545,259828.5732,179845.6407,250070.8479,117767.1125,228119.5579,309053.1056,157969.9512,183357.2702,303659.4856,144119.6375,131927.9014,104327.2566,187798.0179,320977.0027,202845.6794,212879.1124,118449.1464
5/31/2002,304021.7672,235174.9925,251373.8762,218129.5199,262158.6567,182085.7676,252387.0774,118192.8341,230254.7236,311613.3978,159228.0141,184961.4577,306181.3947,144854.491,132834.9048,104573.0243,189101.803,323201.3507,204075.6206,215533.648,119509.7326
6/30/2002,306925.3031,237533.7886,254066.7249,220733.0625,264537.4927,184567.1824,254917.6804,119011.5737,232589.7831,315129.523,160718.4998,186819.8272,308930.7221,145774.9175,133915.3482,103914.1663,191055.2805,325636.156,205722.1542,218636.6099,120515.9724
7/31/2002,310138.6228,240086.1957,256985.5808,223487.8489,267194.5305,187280.0256,258454.7329,119903.7798,235090.9921,318410.7062,162466.1616,189035.5581,312593.7862,147087.1754,135131.3077,104032.0485,193605.6459,328739.1995,208076.6361,222077.8615,121443.5092
8/31/2002,314338.6359,243156.6647,260210.0662,226441.3069,270936.8396,190514.5641,262253.8976,121191.3093,237927.7639,322433.6645,164679.2204,191565.7366,317059.3667,148711.4831,136714.1116,103375.4107,197199.6858,332138.394,211356.9686,225417.4182,122355.4307
9/30/2002,319692.9126,246140.3695,263410.7769,229236.4651,275002.5578,194549.2448,266385.1103,122831.532,241247.2482,325867.7912,167069.4371,194171.6432,321880.5326,150285.4151,138532.7758,103578.8626,201862.1418,335182.5105,215140.3235,228602.115,123302.4507
10/31/2002,324838.2303,249001.7574,266925.9691,232132.8006,279374.2911,199173.8532,270925.2967,124480.0617,244966.3147,329882.6558,169438.4487,196749.3817,326771.4574,151864.0152,140707.5455,104088.5674,206402.4772,337873.9593,218787.2702,231969.8051,124213.1908
11/30/2002,328867.9396,251807.9045,270296.5669,234881.5524,283225.1955,203721.5213,275733.1512,125745.6088,248542.9451,333608.5595,171754.2847,199169.754,330672.587,153558.337,142925.7332,104616.7409,209925.6827,341527.2907,221663.6924,235289.3027,124963.5458
12/31/2002,332183.8329,254947.7674,273746.4527,237493.5048,287062.603,207259.8813,280375.3703,127156.517,251509.766,338045.0342,174035.3594,201473.3129,333717.5791,155188.7298,145055.3336,105086.6722,212083.3829,345266.845,224131.7678,238845.6513,125558.3859
1/31/2003,335760.6053,258734.7455,277216.6038,240030.0794,290637.2738,209969.7877,283532.752,128685.244,254623.9222,342044.3464,176195.9807,203985.9322,336389.7628,156563.5943,146829.8105,105553.3231,213938.6905,348912.1253,226054.1306,242473.7583,126126.3863
2/28/2003,339900.474,262389.3784,280802.7459,242693.079,294204.4672,212547.233,285882.8998,130359.6894,257759.837,345553.8897,177935.6797,206417.2615,339198.7699,157692.9254,148426.8991,105968.2628,216059.0195,351135.9247,227729.2895,246243.1858,126761.3274
3/31/2003,343551.635,266019.7156,284186.5848,245461.0272,297896.757,215611.5348,288152.9261,131274.8422,261131.1074,348881.0488,179514.5567,208807.9341,341677.9296,158879.2867,149975.1485,106331.956,218143.5046,353243.4768,229289.7252,250162.1719,127386.6342
4/30/2003,346973.224,269246.2428,287353.1678,248111.9546,301303.2443,218740.841,290884.0491,132447.0589,264115.4859,351788.9438,181314.8287,210782.35,344345.2214,160486.8253,151793.5003,106709.6108,220731.7414,355557.6668,231621.4697,254225.8155,127996.5453
5/31/2003,350312.2197,272411.0394,290533.2768,250764.943,304781.1457,221864.3273,293578.7518,133671.0842,267431.6419,354672.5032,183386.2778,212875.6661,347455.5467,162521.6298,154010.5123,107292.5987,223046.2585,358299.9247,234744.1242,258707.5484,128803.8383
6/30/2003,354021.7545,275581.2871,294027.0135,253754.2745,308184.2837,224906.4389,296652.7558,135188.9778,270990.5218,357554.9921,185910.0129,215133.7999,351089.6662,164780.5673,156503.3883,108217.7305,225843.5104,362070.1508,238664.7451,264158.8556,129767.7039
7/31/2003,358076.5364,278534.7904,297793.5545,257015.553,312134.2545,228626.6771,299834.971,136752.6046,274511.4419,360959.9496,188527.792,217766.2728,354258.3398,167245.7887,159160.7358,109349.3262,228693.4436,366025.2789,241762.8023,269582.126,130794.641
8/31/2003,361973.5117,281515.7166,301702.0331,260513.8766,316253.6357,232642.377,303274.353,138763.532,277834.334,364518.817,191669.6466,220393.4176,357016.0678,169718.8858,161649.7194,110646.9747,231935.4308,370452.3229,244899.6984,274802.0541,132369.3422
9/30/2003,365373.094,284236.0108,304666.6381,263837.6738,320424.8578,236199.0061,306485.7016,141214.4175,280957.8087,367856.7668,194673.1302,223074.3321,359645.413,172072.6605,163830.0632,111769.566,234839.3328,374185.3894,248011.6707,279140.0925,134267.2592
10/31/2003,368495.4747,286249.5437,306696.4895,266952.5805,323782.0858,239282.5013,310408.2385,143723.7644,284129.679,371108.5242,197475.7245,225450.3474,362175.5325,173688.1836,166115.126,112732.871,237384.2773,377369.5407,251533.142,283385.4643,136520.4266
11/30/2003,371410.9195,287712.5753,307772.0873,269898.5976,326491.308,242013.5455,314557.9059,145730.6995,287107.4975,374267.6759,199652.6178,227548.852,363962.7013,174990.2267,168423.7882,113649.0279,239738.2228,379241.8776,254773.7854,287422.8595,137849.9036
12/31/2003,374252.7549,288919.787,309327.8297,272636.1223,328862.6757,244818.3087,317882.1081,147094.6157,290465.7751,377339.4254,201610.0587,229483.7638,366068.7189,176264.5904,170793.4499,114487.7102,242053.0804,380448.3075,257169.3577,291697.2477,138815.1582
1/31/2004,377267.6939,290475.3628,311156.2262,275297.9408,331589.2005,247645.5744,320711.3689,147946.7962,293319.3451,380617.3534,203686.7453,231434.5025,368266.2511,177828.6259,172799.9777,115503.6604,244527.7008,381434.9332,259257.6414,295955.0046,139486.2017
2/29/2004,380247.1581,292306.5515,313403.1653,277884.8013,334688.5299,250145.1528,322844.2985,148786.3691,296170.4765,384214.6967,206050.977,233748.2739,371381.5243,178772.8554,174588.9468,116590.3632,247275.9426,382935.714,261639.2134,300843.3654,140708.8354
3/31/2004,384000.1601,294418.388,315767.672,280570.5244,337900.5556,253014.2506,325680.1488,149883.9515,298384.3245,388744.7275,208355.0471,235880.9689,374936.7767,179969.0583,176683.1765,117934.2979,250015.9337,384608.3145,264112.9002,306108.7931,142120.7289
4/30/2004,387457.7603,296889.2496,318518.8406,283461.7578,341292.9205,256653.8372,329035.4656,151306.4134,300810.3621,392822.3752,210458.3163,237921.5737,379208.9041,181689.8482,179022.2511,119512.1361,252546.2633,386593.5447,266746.3635,311470.1677,143723.6551
5/31/2004,392120.5602,300068.4052,321495.9199,286677.381,345003.5682,261162.4247,333339.4179,153297.9171,303431.1598,397036.6339,212558.9159,240584.213,383524.1423,184254.0918,181988.6823,121088.5496,255033.5319,389415.7754,269059.4196,316737.0949,
6/30/2004,397187.4011,303663.1203,325045.8012,290565.7219,349715.2665,265875.7301,338141.9054,155870.6106,306130.3118,400649.625,215105.4104,243422.6156,387827.1541,186742.4618,185161.9703,123165.1675,258051.8694,393076.5996,271587.8538,321848.7819,
7/31/2004,402885.805,307971.478,329281.4798,295438.6186,355009.0445,269352.6181,343089.9217,158769.9583,309117.6408,405217.7531,217968.9765,246491.7583,392121.6765,189241.5204,188926.3425,125848.2397,261594.2432,397519.3588,274284.8549,327524.858,
8/31/2004,408006.1196,312847.7036,334057.8598,,359711.9977,272002.2579,347816.7436,162282.1975,312407.7223,410294.592,221060.1911,249450.1793,397423.912,192082.73,193008.2482,128674.5723,265154.4188,402161.1103,277010.7117,333611.2139,133763.331
9/30/2004,412565.8546,317749.279,339165.257,309603.9242,363621.1635,274508.0509,351618.5621,165469.314,316107.9028,415678.3557,223766.2416,253030.8349,404174.6178,195109.948,197318.9968,131693.3091,268464.1262,406620.5873,279638.0365,339538.6826,133922.3502
10/31/2004,417831.3552,321851.7899,344152.851,315302.9981,367015.0304,277847.5277,355219.1107,168545.4998,319932.2126,420378.397,226352.3769,256792.4457,410987.0455,198114.3478,201093.763,133683.5499,271083.8566,411337.462,282364.4779,346896.3319,135048.795
11/30/2004,423448.6622,325086.0602,349063.8485,318705.2951,371900.5804,281625.8809,358310.1606,170705.3609,323225.6589,423863.8024,228585.9085,260470.5534,416249.8826,201078.913,204251.9505,135658.8809,273568.7923,415272.2137,285279.9742,353147.9306,136341.5609
12/31/2004,428860.8508,328203.6379,353400.9265,323276.8276,376218.5662,285117.0418,361992.5606,172368.8329,326260.6439,426651.2091,231075.1625,263549.4261,419794.2366,204261.8038,207032.8845,137293.6552,275932.657,420185.4054,288421.751,358999.2184,137560.1819
1/31/2005,433299.4738,331754.2741,357876.3776,328729.0487,380335.3666,288287.6979,365448.8911,173976.3114,329084.6174,429690.4647,233552.7252,266553.7779,422315.3268,206675.1094,209859.4053,139603.0034,278601.0843,423553.8695,291578.9568,362239.2472,138660.0267
2/28/2005,437718.0563,334950.0372,362062.6972,334758.9763,383629.2081,290850.2794,368822.0971,175717.5141,331931.2109,431449.4449,235923.5239,269092.773,426733.1578,208810.5199,212456.6415,141728.0015,280947.6568,426846.6868,294849.0031,366367.4503,139487.3793
3/31/2005,441993.1163,338131.5883,366185.701,340009.5902,387415.6108,294044.4098,373411.8896,177650.5013,334795.6982,433066.7886,238291.1221,271603.9733,431013.1884,210308.8165,214857.853,143777.5431,283377.94,429572.8258,297996.5703,370765.0066,140508.9499
4/30/2005,447088.0882,342144.8115,369904.2533,345336.4121,392104.3474,297663.7488,378616.8752,179431.5511,338143.3977,436500.5233,240955.6971,273876.7987,435627.9217,212157.0587,217821.8935,145587.8034,285895.6084,433373.2872,300780.9496,376061.389,142629.4372
5/31/2005,452232.8309,347005.5913,373220.9821,350445.2712,396968.6124,301785.9765,383838.3155,181590.9867,342038.4331,442623.3177,243899.1488,276640.5397,439374.149,214440.5208,221217.8158,147654.2292,289156.1035,437577.8422,303397.6004,381484.8885,145810.9274
6/30/2005,458047.9889,352240.2576,377004.3323,356182.0684,401618.6099,305684.7328,388095.3054,184016.0648,346469.2703,449621.5799,247132.2557,279761.047,443742.9183,217210.9116,225152.9444,149654.1059,292621.7253,442197.3368,305777.2795,387342.3738,149586.4634
7/31/2005,463586.07,357111.3554,380683.5071,362238.5086,405480.4565,308915.5688,391900.4762,186921.8981,350686.1727,454970.2578,250503.9946,283547.0588,448546.7291,220757.7111,229217.3226,151930.6559,296140.8869,447498.7835,308505.8999,393142.3316,152913.7449
8/31/2005,468677.5461,361694.2503,385154.7213,368577.8526,408777.5643,312270.0488,396731.8005,189464.9782,354786.8826,459526.826,253967.8958,287398.4616,452672.0923,224133.4884,233574.3102,154867.2886,299705.9567,453036.3713,311352.1872,398775.861,155812.3013
9/30/2005,473265.3496,365564.2419,390156.1662,375277.1526,412547.6294,315042.7087,401709.5568,191851.988,358697.8499,463633.5748,256875.341,291151.3046,456638.4305,227402.005,237708.0794,158031.6095,302660.9235,457921.6,314289.2155,404395.6925,158259.2099
10/31/2005,477988.268,369071.8141,395475.8862,381491.9727,416187.2903,317996.6265,406669.465,194231.2403,363351.1795,467646.0061,259721.0138,294366.082,460502.288,230019.452,241626.3412,160879.8616,305772.2257,462193.2387,317323.6433,410251.077,160180.5884
11/30/2005,482942.7185,372698.1756,400317.3558,387073.1226,419794.2786,320671.5345,411830.9365,196348.6717,367784.6471,471531.5069,262751.774,296867.7293,464674.8316,232087.6775,245051.8418,163281.5276,308169.2872,466010.4783,320425.3931,415930.4235,162111.157
12/31/2005,486918.2599,376273.7023,404230.0767,391271.5922,423053.9048,323719.1473,416613.186,198642.6633,371780.6959,475169.6457,265837.2902,299370.3653,468091.2767,233642.8817,248612.8433,165674.8282,310601.46,468693.4106,323643.1145,421115.8758,164350.7178
1/31/2006,490129.5427,379031.5351,407395.8332,395570.531,426223.1356,326744.8973,421083.4129,200682.4631,374289.3754,478623.5268,268122.0658,301612.7045,469776.6358,235434.865,251846.7112,167946.0204,312313.9781,470625.9724,326553.6825,426112.9333,166495.6302
2/28/2006,493490.2099,381621.188,410472.0835,400183.7405,429376.582,329601.4129,423691.0688,203018.0538,376397.7191,482486.6273,269934.0571,304058.2446,470693.1143,237465.9957,254345.7626,169896.7698,314584.941,472986.8513,329146.8168,430509.3425,168772.1108
3/31/2006,497726.8661,384302.4262,413259.1311,404837.3675,431723.7612,332226.9437,424944.0657,205230.693,378789.5379,486540.0169,272112.0046,306523.2303,471954.5149,239607.6794,257184.6536,171263.8131,317396.3933,475317.6462,331194.4519,434407.5569,170756.2406
4/30/2006,501028.3075,387471.6063,417062.8765,409885.456,434480.75,334783.9076,426734.7585,207350.9709,381869.1185,490154.1281,274856.4631,308948.9118,474684.6489,241679.0789,260254.7548,173160.6714,320551.5293,477950.0441,333233.2012,437916.0255,172943.0193
5/31/2006,503139.4877,389742.7655,420846.2898,414554.594,437302.586,337231.5378,430180.3234,209792.3849,385371.8495,492714.4664,277602.3013,311380.6603,477460.8939,243516.4387,263677.6085,175109.1993,323437.4708,480016.2799,335418.446,440766.3279,175321.0778
6/30/2006,504096.7203,391446.2325,424199.3004,419426.9383,440292.034,339420.0083,434876.2263,211878.4843,388404.783,494032.2978,279607.0672,313487.8466,479696.2827,245787.5787,266348.8197,177761.0634,325986.423,482648.1083,337907.3028,442814.7164,178012.0424
7/31/2006,505159.5807,392078.9592,426205.5018,422676.8472,442274.8096,340909.6979,438473.2588,213524.2292,390671.133,494162.9126,281025.9343,315071.2463,480502.2339,247734.6126,268457.2422,180289.3494,327798.3686,483748.2961,339489.0373,443627.3,180608.0456
8/31/2006,504564.3241,392127.7869,427448.9468,424456.5429,442714.479,341955.5854,440608.6999,214460.6451,392069.0623,492685.0964,282010.0401,315343.5407,480174.4446,249709.3698,270463.3901,183049.9887,328945.9113,484148.5313,340472.1098,444022.8522,182255.2868
9/30/2006,503209.9147,391615.0616,428385.1442,425536.7566,442375.3823,342128.7459,441708.5379,215280.5115,392936.8125,490910.5537,282679.5338,315012.293,478687.7278,251448.7739,271708.5466,185411.3822,329148.6104,483413.1043,340675.1311,443246.672,181624.8369
10/31/2006,500852.8863,389929.3727,428810.5765,425945.4728,441493.0084,341702.4131,441189.6278,216046.421,393333.8665,488894.8338,283002.4773,314619.9998,476250.51,252768.1632,272581.7487,187495.4052,328984.5412,482116.3341,340947.6799,441829.4874,182065.5681
11/30/2006,498271.442,388569.3194,428913.9583,426895.3826,440332.259,340296.4818,439645.7291,216682.6468,393727.6933,486584.8406,282717.3409,314447.5883,474691.6729,252863.3965,272884.3677,189216.4281,328056.5025,479571.0665,340619.0937,440028.4328,181781.4354
12/31/2006,495723.2241,386768.5226,429083.6031,427688.1995,438248.7693,338421.611,438263.4705,217057.1225,393516.6741,483450.1074,282397.2797,313741.2064,472414.2193,251624.4679,272545.6464,190535.7627,326378.8728,476763.3813,339297.9915,438084.1809,182431.8024
1/31/2007,492985.4071,386343.6165,429614.8597,428450.4954,434658.577,336261.045,437514.9347,217168.7699,393252.5004,480580.7715,281809.0374,312820.9972,470368.1975,250243.0012,272087.6599,191335.8983,323934.2619,475218.1775,337584.9191,436093.5698,180889.615
2/28/2007,491716.8511,385886.9501,430603.8599,428997.9898,431486.2549,334702.4454,437201.9082,217479.0986,392724.2274,478931.5962,281112.0501,312269.0531,467586.6372,249731.1957,271490.3276,191620.542,322145.5479,474949.6014,335836.8548,433287.0319,180419.4026
3/31/2007,491944.8899,386177.143,431989.5721,429518.1997,429176.5159,333287.2725,437354.9884,218176.2607,392242.1046,478254.2866,281065.2483,312376.5039,466222.9101,250445.7312,271619.6723,191508.1788,321556.3015,474571.4991,335192.5962,430319.4345,181886.0332
4/30/2007,493612.4091,385932.4927,433087.7368,430196.9273,429124.8919,332291.3802,438361.8252,219117.6124,391532.6757,478281.5918,281388.164,312628.5776,465543.2055,251166.709,271509.6956,191701.8836,321744.9209,472169.4594,334791.828,426826.325,184016.642
5/31/2007,495394.8534,384567.2119,432700.2618,430964.4718,428612.4841,331462.4008,438935.3102,219947.5579,390215.0481,478006.8739,282244.3415,312310.0359,465908.9038,251717.9303,271622.6654,192181.6021,321476.3097,469436.9379,334498.7305,423074.2397,184966.011
6/30/2007,495529.8385,382013.4676,430663.8178,431533.3962,427581.1254,330100.7263,438572.2425,220522.8026,389180.0025,477503.1213,282035.1264,311779.5285,465359.5013,251672.3295,271285.8259,193340.6186,320545.7447,467922.0666,333664.7151,419169.9847,184553.8055
7/31/2007,494116.022,378620.7047,427296.5587,431881.1932,425509.071,328354.2625,436142.895,220881.8739,388194.188,475982.6214,281288.5261,310702.048,464552.7561,251600.1605,270221.086,194272.31,319617.5387,468240.4119,332632.5192,415696.1497,184485.5195
8/31/2007,491602.3976,375721.3282,424060.8683,430961.9766,423716.8889,326143.8672,433843.1879,220598.0226,387300.7638,474828.3734,280037.1095,309062.9705,462178.3408,251409.1974,268350.4625,194683.4518,318645.7343,468204.9085,331421.8615,413274.3818,185033.619
9/30/2007,489090.5564,373690.2468,420644.9202,429319.2423,422416.6331,324199.5462,431720.2166,219873.7333,385787.644,473656.6071,278922.2464,306855.6774,460159.6628,250750.8555,266382.0355,194539.7395,316653.7023,466499.2322,330035.2544,412258.6597,186235.9923
10/31/2007,487030.3842,372682.0226,418448.1453,427429.411,420617.0039,322159.5236,431259.6442,219178.6949,383484.0939,472658.7095,277666.3769,304531.7272,457946.961,249817.5277,264798.5564,194118.6089,314442.5463,464115.621,328614.2309,410984.3274,187740.7923
11/30/2007,485251.7401,371849.5334,417604.6006,425466.7557,418898.5691,319328.0367,430243.9561,218723.7961,380419.7912,471374.1866,276382.6293,302694.4163,456017.9633,248501.1127,263149.5994,193448.0542,313515.5532,461412.012,326809.2551,409457.97,189224.184
12/31/2007,483309.2865,370747.3135,416850.2028,423161.274,417933.1337,316745.8321,427898.5296,218489.9527,377090.7569,469647.8731,274501.7923,300696.5536,454433.506,248177.8807,260741.3434,191997.5723,313520.5608,458724.4056,325479.7689,408052.8602,189870.7896
1/31/2008,481104.4172,369850.961,415858.6183,419442.7033,417414.3021,315815.1129,424998.6712,217932.6995,374895.3765,466496.8606,272742.9345,298790.7533,452775.359,248354.5594,258316.177,190154.5737,313561.4471,456158.157,325449.7212,407170.6157,189396.5498
2/29/2008,479089.8755,368817.5192,414085.4084,417431.613,416960.634,315908.5633,421801.905,217467.9572,374009.0929,461785.2888,270965.8252,297602.4961,451259.0489,248933.3449,256986.7126,188484.4592,312207.5717,454870.0377,327346.0963,408289.5803,188559.2888
3/31/2008,477219.7785,367366.7871,413038.606,411882.14,416081.5092,315472.4858,418990.1307,217078.2972,372693.6021,456480.0865,269657.5516,296323.6708,449606.3191,247625.7105,256424.9685,187758.5995,309478.4704,452786.7084,328834.0614,407766.9014,187118.1955
4/30/2008,475702.4537,364939.4146,411939.6325,406658.6536,413749.3755,312286.0529,415584.1003,216491.6638,369711.5673,451882.43,268183.5169,294750.5781,446357.5713,246415.9889,255690.2072,187297.2603,306317.7013,449814.1014,327848.7165,407935.6104,185308.5844
5/31/2008,472732.666,361814.81,410168.2894,399849.3121,410095.8651,308345.6909,412242.4997,215349.871,365653.9019,447102.383,266423.6832,292123.7516,442494.2767,244803.2323,253782.7977,187850.8268,302679.4486,445110.89,325831.8963,410339.7483,184198.5746
6/30/2008,468585.0668,358263.7573,407978.7284,397274.665,404755.9083,304743.3871,408530.9216,213909.4311,361993.4524,442555.6148,264772.3103,289324.8632,438683.5133,244249.8325,251536.5703,188814.6343,299256.3408,441196.3703,321920.3122,414819.7024,183496.7251
7/31/2008,463600.7913,354969.4564,404872.9061,395028.533,399946.0871,302440.6211,404374.3677,212248.291,358992.6738,438259.9341,263083.5782,287048.1875,435982.6685,242842.2361,249002.2479,189701.3008,295887.722,438399.7637,316977.1859,419094.2106,183142.3651
8/31/2008,459415.8425,352213.8052,402336.8494,390335.8373,395267.9346,300385.7967,399690.3068,210794.0929,356162.2789,435001.3729,261569.0853,284942.8158,434133.8594,241272.0956,246295.8651,189579.6165,292984.7383,436372.4824,310143.1046,419588.0227,182088.141
9/30/2008,456232.8473,350417.7371,399960.5147,384308.6614,391806.6415,298230.6882,394780.073,208575.9224,353830.5039,431350.7094,259395.3005,283174.9204,431371.7444,238846.1421,243560.5223,188149.7925,290025.3993,434779.154,304704.8091,418194.8149,181021.4374
10/31/2008,452721.2576,348891.329,396583.7602,378153.314,389720.6218,295699.1045,389608.3112,206145.1944,350695.189,427748.4695,257212.1752,280597.4562,428380.0232,236160.2238,240624.5667,184431.7815,286784.8823,432090.2102,300858.132,415079.4757,179605.3662
11/30/2008,449168.4082,346486.8583,392057.8893,372357.7858,387903.0609,293009.741,384787.7019,203575.7019,348034.1368,424705.4729,254731.8627,277908.0758,424244.7351,233659.1406,237448.6964,178966.7364,283328.0294,427866.4308,298931.1199,410593.9548,178349.6168
12/31/2008,445931.4898,343690.9357,386593.7398,366452.535,385545.3713,290815.9897,380746.143,201471.9668,345088.9081,422093.3033,252556.3366,275866.4581,420556.1528,232076.0837,234240.4726,174329.7932,281038.5886,423759.9246,296604.3297,406552.7775,177170.4623
1/31/2009,445417.5273,341364.4955,382588.5961,360319.432,383786.0723,288460.6453,377678.4111,199740.2386,342643.6346,421449.8024,250470.2005,275100.4498,419302.5713,231105.7792,231123.2314,173284.9963,281090.5523,421105.1186,292224.4995,406641.9872,176686.4155
2/28/2009,445847.6279,339892.4093,379459.5431,356774.6477,381477.7845,285842.8033,375169.0412,198063.8666,339963.0758,421607.9836,248835.576,273772.1516,420335.0006,230427.3937,228537.4593,174525.4099,281384.6548,419450.1668,285880.4047,407420.3828,176031.7584
3/31/2009,446842.9543,338703.952,376545.978,353603.9155,379092.2348,282723.8385,370607.6579,197010.9545,336975.7077,423765.9937,247617.3049,271197.1069,420662.7838,229709.5608,225952.8975,174663.9723,281432.0651,416590.18,279969.0733,409288.5215,175163.5604
4/30/2009,445127.4061,336391.1201,372678.499,347944.5809,376505.2158,280312.649,364941.5266,195735.9834,334366.0833,423804.3811,246372.4603,267933.2492,419899.6632,228402.8188,223135.8919,173289.4199,278709.6506,412247.5094,277229.596,407633.2146,173758.0724
5/31/2009,442374.1763,334299.0227,369420.1378,340439.8366,374972.1084,278272.8639,359237.1633,194174.7133,330985.6416,422702.2093,245075.862,265426.1575,417310.9086,226356.7026,220051.3209,170645.4156,275463.0274,406522.2718,275027.5422,403085.4803,172733.9421
6/30/2009,439281.7501,332135.1502,366181.7224,332115.8442,374552.8572,276605.6579,355789.8774,192711.5996,326556.9549,420066.8278,243584.5783,263946.8679,415091.5004,224262.1031,216908.3901,168293.8802,270668.395,401947.9508,272264.3106,395826.7481,171825.2791
7/31/2009,437134.6267,330154.3593,364257.0141,327667.5339,373245.7458,274486.6531,354381.6479,191792.226,322106.7986,417603.2465,242297.8477,262101.4647,412412.8868,222352.1804,214451.1358,165114.7647,265460.8282,398082.9861,269373.1376,388346.5324,170999.8108
8/31/2009,435219.1506,328312.5496,361685.7755,325286.7015,372576.263,272675.7168,354176.3031,191098.3749,318389.0686,414961.0882,240956.507,260322.0669,410083.0639,221148.3934,212850.2522,162106.6296,259078.8361,397091.4868,267151.0385,383456.6755,169895.5893
9/30/2009,433138.4499,326483.4008,359596.5917,325564.4507,371493.2477,270878.4706,353745.1447,190308.1791,315865.49,412837.902,239627.4064,258715.9186,408448.0227,220148.0314,211711.1082,159135.6388,256382.8606,394663.6266,265837.5679,382243.4897,168964.1417
10/31/2009,432073.7517,325202.3858,357005.2032,325955.8517,369913.4904,269994.3169,352808.3898,189978.7399,313659.8973,411059.3867,238411.2756,257999.3073,407042.4019,219534.3115,210506.4737,158487.5765,256715.2457,394101.3117,263802.7867,381804.297,167942.4695
11/30/2009,431546.6221,324238.9732,354319.3987,327257.8014,368514.7201,269411.4521,350439.217,190350.9623,311817.4148,409463.6197,238000.0049,257725.6648,407045.2094,219119.2247,209123.643,159241.0238,259020.3761,393615.0265,261410.7332,382135.2847,167214.62
12/31/2009,432459.2102,324043.2589,352620.1785,326775.8492,367078.6796,269211.8484,348282.2037,190524.542,310794.757,408737.7146,238252.7462,257758.5847,407639.1656,218855.6984,208243.8204,159539.4195,261643.3112,395999.7162,260308.1549,381189.2887,166615.5244
1/31/2010,433091.4617,323965.0602,351521.13,326701.1579,366489.6946,268965.2087,347061.725,190388.0066,310065.3786,408721.4832,238894.2224,257975.03,408580.4059,218832.8594,208015.7713,158567.9585,263532.8308,397699.279,260791.5045,380607.2664,166651.1979
2/28/2010,434120.7819,324520.5965,350691.013,323880.8065,366467.5482,269017.5953,347367.1787,189574.3103,309575.9632,410443.7849,239199.8405,259011.4041,407875.1622,218897.6959,208466.0328,155979.7818,266199.0676,398887.0796,261205.165,380195.4578,166540.087
3/31/2010,433462.9099,324917.0782,349379.624,320904.5576,367293.6754,269186.295,350323.0084,189051.7229,309059.9247,411198.0922,239035.0489,260544.3843,408192.12,219005.5519,208326.8636,153208.1742,267103.4051,400046.5983,260059.7373,380405.9562,166299.7291
4/30/2010,432472.9089,325128.086,348145.9019,321449.7517,367279.0862,269260.6748,352560.9548,188590.8086,308593.3443,410948.8381,238705.4102,262531.281,408384.588,219075.1803,208085.2146,150409.2636,268180.5069,401988.691,257307.8387,381559.2864,165725.2114
5/31/2010,431300.7812,324963.6677,347534.7576,324879.9976,366523.1534,268723.7707,354484.3388,188737.1587,308253.5801,409427.9397,237963.5882,263163.2208,410355.1115,218518.7183,207505.6137,148952.515,268713.0544,404065.1945,254248.1993,381192.7382,165279.9498
6/30/2010,430903.4417,324353.4748,348742.2965,329155.8543,364819.5732,267707.0826,354275.1729,189025.9293,308342.1107,408483.2921,237027.1607,262864.5805,411361.4234,217621.7595,207142.2935,149374.4229,268922.6379,403694.0897,252871.3496,380053.4753,165006.5307
7/31/2010,430680.1604,324067.0097,349368.2985,328876.4519,363877.4995,266503.0803,353794.4984,188863.5558,308467.0651,407915.4017,235874.3628,261526.7369,411947.0232,216588.7036,206279.0056,149837.7626,268648.3276,401429.3944,251518.9152,377600.6698,164829.4529
8/31/2010,431018.4074,322337.1335,348934.1134,325898.5304,362825.4113,265440.422,352657.4587,187818.0661,308245.4102,406977.238,234610.8321,260254.3055,410608.1252,215811.7553,204879.0879,149737.608,268098.9993,398271.0094,251132.2062,376577.3633,164642.3535
9/30/2010,430957.8114,320492.911,346801.4739,321867.128,361706.5987,264046.6218,350543.2322,186105.2822,307132.8566,405262.6067,232906.6126,258500.0257,408080.6079,214931.9661,203842.163,148908.6447,266617.4715,396395.6842,250117.6459,374896.6547,164341.8481
10/31/2010,429852.7817,318129.9299,345350.3091,318158.4322,360670.8553,262191.539,347574.1135,184193.1006,305709.2627,403072.1295,230926.7169,256418.6064,404940.7231,212925.5415,202930.0055,148318.9878,263979.2923,394694.9446,249203.7687,373131.7796,163543.2149
11/30/2010,427832.7064,315537.1157,345094.1701,315341.4375,359848.1339,260446.3537,343699.1817,182801.0029,303982.897,400851.5839,228894.8739,254042.8106,402131.8021,210715.3839,202519.9963,148141.4197,259219.8318,393028.5974,248201.2214,370586.2483,162711.7775
12/31/2010,425548.7861,312822.0919,344214.9961,313632.3305,359701.3438,259489.3121,340312.3727,181263.752,301880.2279,398752.6517,227074.1328,251802.9284,399566.1843,208029.6979,201748.6501,148209.591,254815.2596,389733.6989,246345.3653,368038.315,161851.45
1/31/2011,424302.5919,310715.7763,341340.5273,312427.2629,359388.1992,258567.9145,336506.327,180387.1468,299193.7569,397235.0698,225659.1527,249091.365,398144.7655,206810.0471,201039.626,148484.4932,252544.3586,388577.9924,244373.1874,366113.8583,161708.8883
2/28/2011,421989.4584,309754.4436,339003.955,311053.4721,358317.0732,257316.6594,334141.1664,179729.9921,295258.234,396424.0279,224525.56,246533.8437,398323.2075,206030.48,200084.0014,148364.6259,249763.776,387476.4505,242297.7996,364341.9015,161429.7316
3/31/2011,420209.6847,308871.4746,336951.9838,309427.0632,356149.9299,255695.7599,331029.7603,179187.9763,291498.2112,395274.3023,223819.27,243899.1212,398283.7165,205632.2091,199079.699,148330.2431,247129.3644,387636.0494,240460.0145,363446.9246,160861.2455
4/30/2011,418185.3341,307032.9855,336291.0811,306318.9603,354794.9227,253727.8772,329036.3311,178156.2303,288664.2333,394433.1983,222626.2423,242023.7626,397506.028,204296.0179,197859.3786,148165.4189,243728.249,383938.898,238300.3259,361952.2196,159788.5799
5/31/2011,417754.4183,304379.2323,333680.2843,302948.7515,353815.3855,251281.4034,326775.3381,176938.2916,287630.5169,393053.7104,221096.72,240346.239,394556.5401,202041.4843,195736.3758,148632.5365,243175.3126,380800.4957,236424.6941,360382.1475,158963.4822
6/30/2011,416234.6913,301459.9585,330130.8436,299823.0761,352783.7958,248859.7229,325312.4791,175786.7293,287245.6484,391153.9882,219400.4292,238606.0308,391622.2744,199542.9276,193236.3411,148243.3218,243250.063,378253.7149,233506.8492,358160.4761,158361.0942
7/31/2011,414329.1047,299125.0021,326676.7999,297168.1393,350415.851,246574.5495,324011.8495,174381.0706,285446.0426,388324.891,217653.7087,236509.1365,389013.8666,197322.868,190925.5087,147752.0704,241341.0636,377859.4331,231149.52,356764.7616,157988.772
8/31/2011,412351.8161,297564.1381,324328.0256,295673.8319,347306.3794,244845.1244,322803.5705,172548.3641,283122.3241,385736.7331,216144.54,234572.0252,387660.1748,195623.7447,189698.9929,146169.6991,238746.2646,376673.0179,228342.6228,356131.2182,157434.3682
9/30/2011,411566.2043,296308.658,322343.3503,294385.9767,344701.4965,243170.8418,320745.9461,170857.9969,280286.1131,384476.6903,214725.5805,233058.1231,386440.9591,194455.049,188896.4357,145203.3163,235848.8518,375305.8181,226067.2918,355077.3344,157022.1275
10/31/2011,410028.872,294206.9402,320365.725,294001.3839,342124.0619,242061.5938,319086.4723,169722.8452,278486.5251,383260.4359,213712.4795,232044.0597,385140.7207,193879.7029,187822.2052,144232.9484,233864.302,373228.7895,222902.6405,352509.1798,156363.4122
11/30/2011,408028.3914,291760.5768,317493.0713,294496.9711,339915.0393,240664.4099,317380.4127,168653.3527,277184.3631,381497.4624,213061.5671,230281.8228,383447.0395,193465.0908,186427.9069,143796.731,230427.0239,373048.304,220002.0097,350672.5506,155854.7435
12/31/2011,405148.0532,289593.857,314869.7419,294625.2812,337787.7155,239145.1836,315220.4726,167462.6903,276324.7507,378671.7152,212211.5763,228441.2242,382424.7865,192721.9832,185284.6374,143275.7256,226258.2913,373885.318,216854.501,349834.5733,155336.5912
1/31/2012,403342.548,288254.4762,313122.5611,294160.3512,335905.5096,237717.204,312371.5018,166242.5861,275453.1248,376608.8522,211531.5718,226836.0987,381870.3397,192187.0009,184888.7237,142118.8074,221810.516,374299.5561,214788.3367,350915.7454,155392.1978
2/29/2012,403212.0255,286977.8976,312346.4589,292962.7728,334865.1348,237567.6512,310703.5457,165988.1355,275426.0322,376401.1678,211152.6452,226318.6916,380495.2342,192069.7459,185680.2208,141908.4139,219626.4236,372613.0694,213589.8926,351809.6193,155591.5458
3/31/2012,406059.3139,285968.8183,312631.2855,292916.9832,335114.0457,238540.6059,311045.5475,166612.887,276623.8625,378206.6663,211259.0396,226273.4769,378845.5064,192789.1075,187086.3708,143019.6644,219239.6003,370149.2124,214469.7009,353236.7776,156586.7153
4/30/2012,410205.1532,285056.5158,311988.6277,293481.2366,336149.1512,239886.9517,311748.232,167492.6937,278739.9389,380753.9248,211614.9969,226356.2629,376731.5757,193390.4019,188230.6524,145206.9029,219605.0759,368548.3658,215807.9547,353602.3706,157434.816
5/31/2012,413347.966,284627.1479,311412.0064,293924.9412,337486.9271,241367.5836,311328.612,167775.1491,280532.7088,382933.478,211912.7071,226039.2904,375437.3276,194090.0924,188667.1668,146416.3545,219623.0713,367953.2552,216722.0257,354090.4351,158218.4745
6/30/2012,414269.7557,283927.0185,310172.9897,293500.9884,338180.9934,242678.2892,310090.5631,166976.9916,281231.0727,384674.1154,211895.2758,225015.0146,373950.13,194005.5879,188604.6437,146319.5138,219253.0078,366692.9181,216873.6799,354431.4295,157859.2822
7/31/2012,414619.9365,283320.7014,309671.74,293147.4176,338566.6231,243848.5271,308578.2505,165578.9388,281366.2133,386023.4294,211492.7756,223620.1085,371958.6161,193363.1286,188677.9474,145758.7863,218983.0666,364957.7486,216625.3938,355859.233,156720.3878
8/31/2012,415134.7423,282132.7823,309361.3396,292187.8252,338725.7107,243973.7737,305976.0633,163411.15,280205.702,386853.6028,210638.412,221613.7213,370188.9072,191686.8945,188657.7391,145927.4436,218584.4284,362724.6788,215903.1385,357658.0741,154513.9202
9/30/2012,416357.4569,281655.8489,310128.4269,291951.288,339005.304,243946.3991,304456.3708,161874.7714,278727.4379,387234.2132,210216.8414,219884.7212,369144.3254,190693.1219,188814.6929,146648.2269,217590.3908,361802.9175,214959.4203,360300.1165,154009.2699
10/31/2012,417302.4891,281625.9808,310887.3407,291578.7034,339178.6434,243793.3141,303767.3043,160826.3878,277435.9148,387368.6276,209842.0371,218520.8887,369162.3605,190181.7823,188965.2245,147481.4565,216471.0342,361688.9126,214111.3628,362227.9133,154714.8216
11/30/2012,417593.7665,282322.7599,312145.6529,292770.837,339162.8451,244276.7849,304630.1351,160819.6858,276692.5454,387599.714,209761.6744,217994.052,369291.3229,190256.4537,189368.3432,147555.8152,215922.0882,362137.0991,213186.2803,363465.5074,156147.9212
12/31/2012,417443.8497,283080.0112,313600.6108,293823.4666,339397.8034,244756.527,304623.5876,161112.7401,276564.5925,387909.1233,209700.546,217525.1413,369562.219,190463.1045,189734.6324,147296.6418,215571.1414,362409.0938,212473.1999,364180.6213,156425.6158
1/31/2013,417487.1838,283834.1497,315192.0614,296285.2351,340083.5578,245428.0256,305176.4687,161424.799,277002.2127,388058.5839,209806.657,217301.7225,370199.1098,190404.4098,190176.7517,146009.0082,215412.6939,362609.181,211580.2689,364682.3853,156140.1594
2/28/2013,418397.8518,284113.9592,315912.5201,298606.1159,340821.4051,245612.2952,306463.1349,161852.4565,277969.7077,388317.2057,210108.2866,217454.5397,371076.9786,190423.098,190536.5743,144462.8912,214763.3641,363238.6567,211233.6076,365062.3577,155581.9516
3/31/2013,419667.7712,284387.7724,315510.6187,301618.9002,341196.3201,245211.1709,308503.962,162416.8713,278587.5879,388282.9172,209979.2144,218404.8864,371917.8331,190479.0091,190745.2277,143206.4521,214420.4471,363857.8262,210667.1567,364581.1195,155305.499
4/30/2013,421084.3651,284851.2109,315371.89,303974.5301,341894.304,245134.4254,310037.2943,163290.4134,278572.3587,389149.6973,210098.2381,219906.0138,372706.7388,191182.897,190588.7839,143127.1686,214460.0572,365145.8281,210560.2672,364063.6227,155363.4419
5/31/2013,422795.3503,286608.5748,315978.3699,306192.5643,343324.392,245447.4426,310944.3306,164195.0378,278518.0629,390662.7217,210667.0963,221834.1354,373658.4252,192492.3256,190330.3033,143706.0439,214829.5698,366988.556,210724.3447,363523.7424,156187.6859
6/30/2013,424476.1636,288576.5806,317167.2629,307483.4201,345194.0853,246423.147,311108.4239,164620.2513,278774.5368,393175.4341,211942.8678,223324.5514,374400.1589,193570.1744,189936.8294,144297.0223,215578.5979,368568.402,211666.0998,362947.7348,156139.3432
7/31/2013,426744.1667,290748.4405,318522.1341,308356.0186,347171.7501,247356.3942,311252.457,164686.9269,279613.2177,395948.487,213045.3828,224251.4325,374733.2138,194190.8129,189999.6591,144337.6401,216180.2247,369551.4083,212583.6763,362973.356,155337.8543
8/31/2013,429678.6858,292627.7472,319984.2282,309913.2116,349525.2464,248648.8967,311973.0343,164405.821,280936.6458,398643.0298,213588.6001,224752.1936,375778.8764,194389.4751,190377.0552,144683.1285,217121.3439,370366.8591,213552.9715,363819.0003,153707.5986
9/30/2013,433249.5265,294428.7386,321589.9423,312843.1274,351921.4637,250102.8747,314199.0084,164089.5359,282527.6073,400748.9302,213937.4168,225344.9415,376944.4476,194755.8108,191268.789,144793.0967,217369.0339,371522.6683,214403.6274,366229.8026,153516.7314
10/31/2013,437116.3695,295999.8545,323238.1261,316314.6199,354068.6359,251033.3798,316862.6625,164047.8351,284322.616,402401.4679,214477.7578,225976.5041,378743.0724,195521.8702,192222.833,145491.1645,217884.7694,373224.1706,215616.7504,368459.1207,154474.4288
11/30/2013,439479.1708,296760.3245,324305.8119,318650.2279,355088.6238,251446.2222,318736.4024,164352.0121,284955.2042,403436.7293,215143.3373,226595.0778,379570.4231,196183.5014,192758.558,145708.1199,218568.886,374550.5043,216456.9351,369394.5087,156413.3581
12/31/2013,441003.8524,297469.3945,325923.0858,319396.9242,356044.598,251384.4285,319572.2825,165114.3457,285450.6518,404832.9459,215723.4495,227032.5047,380801.8173,196718.9494,193044.794,145769.4028,219407.8895,375478.4262,217356.291,369548.6493,157486.1619
1/31/2014,441691.9092,298676.08,327811.9757,321098.6068,357964.1543,251706.6122,320885.5757,165900.0053,286278.9376,406588.25,216132.0417,227838.0031,382748.2269,196746.7821,193214.3313,145219.7234,220199.4746,376656.2568,218309.3062,369762.8722,158000.1495
2/28/2014,443516.7608,300394.1169,330769.9151,324164.8278,361143.1424,252517.6384,323094.7506,166902.2116,288273.975,409450.3373,216889.5825,229241.9846,385782.9845,196712.7728,193780.8478,144854.1765,220827.763,378596.1753,220002.8477,370795.5804,157894.1715
3/31/2014,446421.9777,302704.427,334238.0053,329033.2209,364751.2046,253847.8409,326101.2273,167960.2676,290989.1393,412277.7056,217659.3238,231463.963,389665.5065,196855.4419,194268.2896,144915.5152,221982.5472,381605.561,221744.0714,371882.8006,157702.3009
4/30/2014,450061.3083,304786.0588,338275.324,332730.5811,367887.5636,255653.3566,327977.4622,169049.0831,293251.6614,415548.8727,218717.9729,233558.5312,393662.2301,197214.1545,194746.3556,145456.8871,223323.4771,384840.4546,223318.7771,372344.1647,157700.1275
5/31/2014,452670.7239,307578.9399,342749.8818,335465.3417,370706.6695,257785.5494,329049.5643,170015.3728,295505.3591,418358.1603,219700.5154,235520.0273,396842.8331,198111.0047,195243.9277,145697.1888,224726.4149,387588.0713,224331.2243,372321.1997,158692.9595
6/30/2014,454041.8758,309507.501,346128.0748,336409.7098,372560.2237,259467.9184,328704.1209,170200.2871,296622.3664,420659.1226,220373.0531,236392.4558,398518.7048,198444.1043,195509.4455,145336.3854,225983.8406,388841.045,225117.0116,371212.6235,159472.2332
7/31/2014,454424.1159,310963.7115,348152.5924,337064.0311,373526.3406,260547.2867,328383.7081,170194.5152,296916.4799,421859.1492,220741.9041,236927.6936,398585.1437,198718.2145,195524.7162,144751.6177,226959.7248,388967.7496,225927.7504,370360.3003,159872.6864
8/31/2014,454971.5023,311168.9482,348546.0697,337999.7885,373827.2543,261195.6442,328026.4258,169585.5111,296594.0008,422300.6857,220715.3035,236591.1269,398442.4805,198621.1553,195559.1768,144450.5651,227592.3898,388488.8747,226671.7295,369958.3448,159103.5382
9/30/2014,455624.2424,311182.7341,348284.7855,339669.8907,374176.4788,261887.8937,329110.1337,168855.1082,296539.5843,422854.8055,220674.8802,236171.4694,398591.3802,198839.5133,195669.6343,144503.0088,227684.7354,388653.9759,227263.7291,370701.7343,158864.2644
10/31/2014,456195.8938,311135.3359,348150.9418,341169.8405,374398.7753,262187.7335,330313.7904,167890.4765,296738.0623,423515.4665,220431.1962,235430.1014,398960.6988,199172.9453,195593.9276,144495.4213,227505.8503,388679.6671,227771.1423,371702.9047,158729.0906
11/30/2014,456391.7,311263.8874,348325.2538,342761.5813,374412.0515,262097.8942,331473.1897,167172.3722,296932.8863,424611.7952,219987.1366,234575.2246,399148.3425,199388.051,195224.4115,144521.0273,227415.274,388760.7159,228200.9492,372563.0182,158959.0755
12/31/2014,456167.0642,311493.9905,349423.8716,343879.4545,374388.7852,261578.9158,331458.2663,167007.1803,296928.5845,425570.77,219603.5479,234070.3663,399147.0278,199688.5434,194754.2295,144464.8259,227123.3511,388464.3917,228485.9504,373372.1548,158639.0633
1/31/2015,455602.7967,311455.4244,350053.2462,345262.0116,375094.3132,261303.7435,331642.6944,166842.9217,296734.4461,426612.2894,218956.2096,233697.2114,399274.313,199652.4993,194273.295,143777.8869,226851.2537,388363.1576,228500.7725,372915.8473,158440.6083
2/28/2015,455506.0682,311403.8905,350332.2195,345943.2454,376317.7496,261218.0322,332234.351,166978.9998,296597.6712,427549.0033,218786.4212,233759.6637,399533.0161,199915.745,193907.8944,142717.2883,226884.4047,388348.7012,228845.9657,371858.6541,158418.2564
3/31/2015,456041.974,311537.6691,350363.3503,347983.4538,377674.094,261646.3211,333485.56,167312.3527,297155.4866,428214.6589,218577.3482,234191.5114,400041.2894,200266.3449,193787.4054,142216.808,227765.9011,389119.2663,229509.7822,369926.3876,158656.3307
4/30/2015,456860.5289,311845.1113,350542.434,349830.5162,378504.6937,262385.7481,334039.9918,167743.0353,297398.586,428320.3262,218833.3785,234867.556,400395.4956,200824.8163,193376.6722,142809.2777,228513.6866,390336.9193,230343.6056,368477.4313,158619.1729
5/31/2015,458010.4845,312699.6489,351484.4855,352437.1197,379301.9604,263649.6321,334250.4108,168231.993,297935.3573,428593.7186,219365.3642,235875.6223,400784.9743,201725.3096,193027.1072,144043.4198,229338.7524,391942.9583,231154.8134,367887.2769,158949.0597
6/30/2015,459268.1379,313200.2126,352234.2511,353078.0644,380398.4542,264909.7225,333644.6797,168433.9857,297829.4639,429233.4738,220155.7465,236486.0762,400802.7519,202232.3466,192414.2691,144806.8752,230544.5353,392741.4435,232029.2327,367438.8454,159160.9568
7/31/2015,461053.3044,313922.7566,353449.6707,353941.9137,381848.6716,265911.54,333423.7295,168987.4708,298551.7291,430254.368,220981.3459,236961.5231,400779.2154,202840.5993,192215.738,145329.1649,232109.0117,392664.475,233011.495,367781.4124,159370.5613
8/31/2015,463096.7011,314951.022,355044.8629,355476.8016,383710.5327,266595.3161,333512.8628,169281.6127,299830.1194,431450.3963,221648.6279,237357.6729,401054.2288,203248.0412,192045.5583,145943.4846,233637.3939,392627.3116,234193.0044,368774.3008,158671.1536
9/30/2015,465500.8534,316509.108,357377.9738,358897.9023,385665.8091,267445.9133,334800.1205,169677.5882,302014.9828,433202.1524,222541.122,237746.384,402148.9232,204244.5319,192084.0921,146561.1147,234502.2622,393533.4025,235444.2888,370925.2367,158379.3011
10/31/2015,468323.2406,318436.2859,360052.6945,363138.3018,387672.2824,268598.1341,335843.6296,169855.319,304829.029,435554.8594,223532.8536,238328.1307,403572.5608,205360.1559,192070.5725,147098.5166,235750.528,395222.5379,236896.2937,373843.8595,158611.1519
11/30/2015,470496.1991,320216.6568,362258.0226,367445.444,389288.708,270062.0459,336722.9939,169859.8377,307562.5109,437650.6266,224159.3979,238791.7593,404664.3936,206117.9563,191592.4431,147096.7742,237138.0737,396617.9715,237874.3355,375986.887,158995.7442
12/31/2015,472246.0518,321986.0577,364155.4131,371742.1987,390513.8492,271320.9597,337265.6592,169975.2516,309796.9254,439762.766,224301.6839,239309.0782,405231.1638,206708.6812,190914.1945,147396.3971,238135.1972,397422.2861,238553.3203,377808.4837,158803.7934
1/31/2016,472455.5437,323367.1148,365449.2307,375532.0995,391414.0765,272322.2212,338949.5962,169906.1555,311241.2527,441184.1026,224249.7048,239876.1742,405821.5395,206967.396,190381.9487,147739.9608,238340.4098,397566.8693,238995.5762,378752.9939,158472.7916
2/29/2016,472584.8608,324428.3592,366322.9552,378473.1065,392246.1943,272778.3449,340971.8673,169543.2093,312021.0998,442229.6687,224387.1146,240482.5921,406452.3693,206996.9961,189634.6003,147983.196,237695.985,397015.6345,239369.5432,379619.1,158597.9265
3/31/2016,472407.1424,324877.4018,366499.8825,380772.8739,392960.6647,272690.0853,342464.7876,168843.7834,312194.4534,442106.6757,224396.2379,241038.6834,407016.1643,206601.1151,188572.5253,147705.9011,237061.4073,395978.5683,239136.6193,379827.1939,159238.4908
4/30/2016,473172.638,325479.7193,366795.3759,383330.078,394020.2062,272528.9351,343585.8214,168776.448,312655.2816,441731.3886,224617.5638,241567.9771,408040.6522,206244.139,187276.5612,147384.2813,236582.6636,395587.5346,238505.6399,379570.6783,159606.5075
5/31/2016,474436.5936,325952.6162,367418.3203,385942.1709,395148.8591,272762.4164,344379.2457,169526.7856,313385.0985,441394.5337,224982.8213,241997.8904,409602.6512,206396.7802,186449.2594,147132.694,236485.589,396332.2381,237812.6042,379464.1533,159895.0983
6/30/2016,475910.3724,326410.3802,368646.8737,388530.1668,396361.1965,273514.0291,345046.1943,170548.4458,314414.3942,441447.9771,225863.7583,242727.7677,410927.2284,206842.2902,185881.8893,146977.5345,236692.8833,397414.1889,237630.9954,379278.8382,159653.5976
7/31/2016,477106.2032,326385.7484,369564.3982,390481.1599,397494.4626,274427.7362,345174.4555,171227.5949,314802.1004,441517.7168,226657.2641,243377.5851,411348.5693,207498.813,185284.4226,146837.87,236974.3863,398133.0438,237254.0059,379272.5265,159318.9894
8/31/2016,477309.7754,326360.5247,370378.7493,392683.7436,398157.1983,275149.2604,344905.1344,171549.6116,314978.2991,441090.1184,227317.6581,244011.8986,411004.6801,208085.9186,184052.3588,146795.4955,237221.1229,398122.5205,236952.2629,378971.7114,158325.7179
9/30/2016,477098.8484,326377.2546,370534.1416,394619.0528,398672.979,275494.2396,345101.4326,171529.3196,314858.2474,440374.5665,227587.8084,244255.2289,410583.2347,208391.2026,182112.6582,146923.146,236468.3366,397791.366,236481.3194,379073.9952,157617.9692
10/31/2016,477615.2668,326380.6079,370885.7801,396396.8816,399112.0848,275666.5933,345724.062,171562.4256,315194.8676,440221.2295,227680.8058,244379.1848,410886.5193,208548.6865,180068.9209,147241.6936,235637.1627,397808.1827,236415.1271,380427.68,157454.0826
11/30/2016,479023.748,326316.8156,371437.8059,397984.2144,399825.2791,275988.7013,346889.8235,171953.5782,315171.295,440817.2216,227402.4828,244729.2185,411808.2788,208459.6834,178468.6162,147645.948,235451.6856,398194.1373,236281.3506,382380.3638,158203.0209
12/31/2016,481319.8691,326855.8091,373365.4124,400690.8131,401082.7158,276938.0833,348942.8007,172732.9738,315676.7511,442346.359,227300.2916,245413.4666,413205.351,208576.6475,177910.7671,148183.4581,236186.793,399244.2701,236730.5391,384867.7691,158922.826
1/31/2017,482991.5678,327498.7749,375848.1738,403762.989,402453.3132,278129.6145,351201.6649,172871.9223,316067.411,443429.7289,226909.7911,245620.2564,414177.3699,208174.3967,177677.5605,147976.458,236507.8896,399971.3776,237217.4409,386187.6007,158941.8339
2/28/2017,484692.5478,328470.6432,378348.9255,407026.2323,404040.3325,279130.2575,354393.7193,172407.0684,316763.1005,444241.5805,226685.6911,245423.4556,415023.8824,207768.6082,177569.9114,147792.0919,235839.5322,400549.39,237979.0525,386985.6446,158480.0084
3/31/2017,486121.6742,329271.7725,380322.0485,409762.3212,405550.5781,279892.5148,357442.3275,171963.5816,317418.0106,444420.3855,226221.7402,245027.2751,416148.4972,207484.978,177410.0201,147535.8271,234897.8515,400965.5738,238388.2756,386874.7436,158210.7939
4/30/2017,488243.1943,330863.3564,382492.1824,413220.9838,407282.3527,280867.2151,360728.0684,172161.7835,318270.8716,445131.7254,226624.1181,245585.6876,417658.5478,207970.9689,177597.4459,147787.5762,234203.5741,402640.8646,239078.5968,387661.8197,158383.9441
5/31/2017,490368.5166,332564.4217,384907.0627,416834.0967,409030.9688,281942.0751,363283.9408,172496.8881,319563.8631,446084.2577,227360.728,246564.5037,419436.1997,208713.0634,178022.9969,147601.7154,234107.998,404819.9245,240049.9588,389292.6591,158854.293
6/30/2017,492400.901,334303.9846,386968.6438,420376.1974,410810.8599,283017.4717,365228.8903,172860.1325,321407.4572,447416.3027,228501.0727,247690.5594,420814.2005,209281.0076,178735.2058,147261.9048,234742.142,406785.1938,241221.9956,391508.182,159062.0237
7/31/2017,493740.0794,335197.3596,387945.3459,423713.6293,412450.0595,283798.8381,366175.4565,173114.4863,323200.8795,448537.715,229070.7609,248397.0032,421916.0736,209453.003,179533.5425,147125.0025,236014.1484,407771.2087,241941.0343,393280.6471,159067.0311
8/31/2017,494800.0528,335621.9371,388132.7387,427456.5005,413829.8192,284455.3047,366589.9547,173465.8897,324903.3667,449263.5753,229320.3232,248489.6772,422491.1217,209481.8891,180579.7418,147534.5727,237317.526,408268.4876,242070.225,394566.2617,158748.6414
9/30/2017,495837.7412,335747.9909,388213.0649,431382.3355,415120.0768,285096.0013,367815.8011,173613.3836,326464.7239,449821.6833,229656.8642,248523.2975,423010.4865,209576.0503,181601.5441,147966.5891,238292.0122,408947.5529,241810.696,395488.425,159026.036
10/31/2017,497024.1022,336666.6509,388377.0547,435569.0322,416420.3683,285694.2865,369976.2191,173833.0932,328093.07,450532.6825,230261.3166,249002.3591,423527.1748,210000.8307,182786.0223,148145.5704,239255.1826,409564.6402,242236.1718,396554.3713,159927.6082
11/30/2017,498339.4929,338025.6651,389143.6314,439069.7332,417850.9647,286547.6995,373012.1649,174363.4117,329460.2293,451576.444,231062.5452,250525.7235,424311.9344,210487.1278,183996.2373,147876.7424,240436.54,409892.6223,242980.9558,397673.5094,161147.3145
12/31/2017,499448.9418,339836.3465,390666.3477,442670.7169,419236.8573,287196.4984,375226.4425,175032.7947,330319.5182,452411.9644,231608.4313,252074.6851,425001.0772,210947.5371,184773.2985,147495.9765,240898.5495,409290.1414,243895.4054,399105.5052,161798.107
1/31/2018,500196.2205,341333.9523,393286.9146,445434.9382,420969.6236,287940.7089,377156.3516,175493.1448,331259.7585,453091.3177,231725.9287,253347.8162,425855.6007,210891.585,185018.5992,147181.0766,241201.7313,408421.3791,244283.2215,400228.2447,161570.4412
2/28/2018,500566.3847,342801.2317,395862.1703,449175.303,422969.4928,288327.8356,379039.7778,175574.5543,332614.1072,453467.4892,231588.8695,253999.2667,426720.0405,210359.122,184817.5516,146848.493,241039.1735,407341.0771,244183.4897,400776.6359,160868.1105
3/31/2018,501719.4395,344304.2774,398453.2242,453233.1087,425612.4193,289121.3732,381307.7352,175918.8512,334483.708,454438.9268,231656.6746,255067.2626,428161.171,209828.2209,185127.5254,146523.0574,241778.9112,407593.1196,244311.6084,401402.7619,159995.8669
4/30/2018,503168.924,345802.0759,400469.635,456910.9365,427934.4872,289740.5356,383678.9834,176169.2597,336027.2439,455603.4498,231729.8574,256106.8989,429702.3241,209112.3119,185581.9926,145323.1893,242138.7964,408834.5124,244339.6312,402478.3618,158575.1881
5/31/2018,505195.3227,347225.6706,402438.7701,460584.5273,430099.3482,290782.3246,385452.5669,176323.6573,337333.0575,457219.5937,231907.8763,257234.2588,431410.6236,208677.878,186323.4393,144245.277,242227.9078,410671.5366,244760.9529,404482.7593,157578.8525
6/30/2018,506538.2974,348763.6268,403567.39,462995.4233,431946.6508,291796.4428,386738.6674,176035.7007,338502.6139,458413.2175,231975.444,257854.7126,432879.7673,208246.5608,187150.1009,143251.8807,241994.899,412672.0925,245156.8659,405988.3504,156638.8464
7/31/2018,508357.5254,350365.6428,404762.811,465701.591,434155.3772,293316.6894,387718.7951,176435.6273,340101.4791,459887.806,232783.819,258629.8421,434192.0734,208657.936,188623.2754,143641.6267,242714.3511,414394.4037,246286.7299,407579.7631,156827.1241
8/31/2018,509146.5657,351896.983,405661.3861,466852.0198,436262.5722,294359.3305,388360.4021,177254.5615,341638.0241,460957.1395,233737.6099,259060.6021,435115.6923,209341.1921,190394.9939,144620.0941,243968.1738,415982.9846,247413.8915,408795.7424,156433.8158
9/30/2018,509347.7467,352556.669,406559.2613,467621.6224,437894.5003,295007.9661,389117.0438,178255.8435,342513.5561,461652.893,234738.5499,259181.6354,435560.0197,210045.5216,191991.317,145554.065,245309.2036,416607.8833,248053.3922,410558.1614,155984.0167
10/31/2018,508698.2507,352772.7848,406760.2944,467122.5027,438880.9812,295125.6046,389433.6776,178757.9377,342789.7494,461659.0466,235216.2841,258785.2955,435507.193,210446.35,193327.5486,145865.1291,246196.0247,416335.0859,248070.5038,412249.2627,155385.957
11/30/2018,508837.8017,353189.053,407415.8194,466758.3398,439779.8615,295414.2633,390207.6794,179277.4064,343728.0326,461849.1508,235695.8721,258892.5843,435393.094,210714.5915,194520.2101,145809.0972,247582.4258,415853.2606,248172.0949,413857.9497,155113.9537
12/31/2018,509335.8025,354036.6581,408642.808,466664.9998,440708.3567,295858.7799,390983.7006,179759.2476,345181.1742,462226.7624,236211.6138,259432.1729,435415.6378,210901.1664,195666.944,145773.0742,249069.2242,415220.2579,248332.4412,415110.4696,154984.8216
1/31/2019,509676.2746,355538.5401,410381.1022,468344.1792,441530.6739,296558.5252,392606.0927,180563.1342,347326.3198,462337.9481,237092.3335,260523.5019,435568.5728,211189.5194,196967.5066,146665.1206,250543.183,414640.1234,248742.4881,416293.0064,155015.9645
2/28/2019,509975.5978,357126.1384,412606.9122,470634.5635,442455.8532,297575.5296,394845.381,181613.4429,349864.3922,462457.7388,238215.4046,261589.0689,436066.5467,212068.5646,198623.3895,148308.0584,252247.0636,414326.9984,249357.2221,417940.843,155159.0189
3/31/2019,510581.5416,359449.0952,415212.76,473478.5779,443478.1528,298912.5154,397797.5063,183175.2095,353066.1753,463163.1612,239646.5729,262856.5481,437050.5368,213522.189,200605.2428,150168.7824,254185.6291,414547.9533,250386.6585,419784.1147,155638.6218
4/30/2019,511747.5862,362219.0478,418259.9491,476352.6701,444792.7177,300558.2653,400769.3861,185020.561,356382.3513,464298.4516,241104.706,264163.4849,438443.3136,215207.545,202381.8314,151531.6166,256085.1751,415819.7641,251591.5493,421643.3497,156450.4381
5/31/2019,512364.7259,365093.1757,420195.2589,478653.2607,445807.14,301807.0639,402928.1616,186364.0366,358449.5262,465101.1683,242210.2952,265308.6749,439210.6149,216144.6433,203498.5294,151754.0045,256896.2019,416621.2271,252409.7129,422654.5873,157515.6365
6/30/2019,512920.377,367178.0303,421320.3134,480158.4091,446684.6664,302699.3045,403767.7615,187336.6335,359725.5006,465201.0858,243051.8132,266305.5719,439579.9401,216704.4923,204364.1352,151907.7358,257857.7368,417587.6203,253326.9751,423760.8806,158514.3017
7/31/2019,513083.7177,368207.6709,421457.5106,480763.4546,447067.7489,302903.4574,403455.8554,187722.2462,360560.0251,464760.2557,243486.8078,266717.1483,439288.2002,216799.4538,205032.8363,151462.3903,258997.3128,417784.8096,253925.7876,424696.573,159016.7488
8/31/2019,513234.0834,368690.3688,421703.1876,481014.5574,447094.212,303053.148,402521.115,188092.0358,361392.8719,464147.0198,243785.3048,266907.9021,439084.7278,217094.2392,205830.6229,151122.1784,260355.7497,418309.0053,254597.9808,426151.0791,159362.8192
9/30/2019,512963.1549,368951.1303,421807.2152,481124.5771,446490.53,302992.2262,401704.8413,188365.1907,361740.9264,463332.7618,244062.5238,266862.1826,438627.4267,217326.802,206509.1851,150659.4314,261302.6766,418227.3838,255029.2916,427714.9135,159959.5405
10/31/2019,513409.993,369664.8227,422875.9028,482305.5757,446455.301,303207.7139,401614.146,188942.9249,362341.7323,463175.9199,244605.803,267332.4234,438289.0662,217851.0423,207574.0806,150863.3725,262071.7859,418083.0569,255830.7662,430137.1319,160956.7051
11/30/2019,514513.0355,371113.0614,424760.2982,484134.9726,447364.0833,304020.2072,402819.0406,190022.7674,363865.8141,463515.8975,245719.5745,268391.4392,438341.7575,218874.6742,209062.7044,151818.5823,263600.1001,417808.0378,256910.9542,432308.9618,162343.8691
12/31/2019,515969.2839,373032.2511,427010.8862,486641.8442,448950.0593,305123.788,405292.2713,191445.6047,366141.9875,464298.0108,247029.8611,269903.7558,438620.9385,220221.0713,210676.7501,153274.8858,265066.634,417722.0247,258350.6781,434371.0555,163713.2406
1/31/2020,518189.5067,374882.7896,429739.9759,489373.9007,450766.5299,306976.0953,408444.9369,193408.4923,368880.4927,465701.0915,249056.1702,271461.164,440102.4037,222074.5336,212302.9634,155166.7926,266851.3124,418617.3351,260178.2722,436409.5572,165468.9956
2/29/2020,520852.8939,376199.4402,432736.3069,492231.6119,452173.3584,308803.2888,411077.0227,195482.123,370982.3742,467256.7345,251301.5593,273058.7744,442178.9263,224183.6158,213629.5261,156944.7434,268316.4369,419995.0976,262369.6722,439808.312,167372.7575
3/31/2020,524413.2549,377553.2725,436624.6229,495569.3494,454005.4689,311444.5957,413479.6773,197938.9959,373283.9919,469286.4668,254174.9818,275267.0691,445341.4114,226697.9765,215368.5934,158747.8491,270577.1368,422337.0603,264960.8494,444015.6897,169633.2475
4/30/2020,527606.4176,379121.042,440847.2628,498688.7302,455834.8157,313567.1385,415793.0048,200398.7978,375389.1327,471081.9668,256876.7847,277635.351,448198.0092,229232.7129,217069.3613,160825.7304,272896.6374,424533.2327,267432.3334,448158.731,172139.8578
5/31/2020,529801.2734,380322.0359,444313.1086,501106.076,457141.0356,315011.8185,417661.2027,202364.2003,376908.8708,472154.2168,258730.5452,279046.3473,450020.9373,230895.2982,218227.4302,162478.2743,274173.3217,425824.2972,269004.0514,451254.2923,173831.2457
6/30/2020,530380.2218,380803.1793,446109.7687,501727.1841,457097.1577,315307.9137,418159.6978,203635.7837,377655.1249,471776.0347,259420.3897,279276.0052,450215.8979,231469.5042,218679.3978,163459.4989,274312.3844,425737.8151,269405.9504,452852.9452,174762.0458
7/31/2020,529318.2617,381056.6309,446265.8537,500845.0048,456670.5131,315416.4748,417886.3386,204224.8311,377877.5647,470243.6146,259055.6727,279187.7905,449077.8438,231663.4116,218935.5244,163091.5995,273822.3517,424905.5832,268816.25,454206.7891,174478.4224
8/31/2020,529483.6416,382352.3607,446885.9812,500541.2809,458304.1797,316516.4515,418541.6884,205018.9844,379454.145,469995.6117,258884.9365,279558.4201,448887.6615,232177.8759,220149.4754,162745.2821,274799.797,425861.6656,268770.2156,456292.0609,174798.0859
9/30/2020,532143.1163,386301.2658,449361.3097,502668.4363,463203.5096,319467.2756,422097.5373,206563.1418,383142.0392,472564.0223,259941.1633,281365.7231,450795.9245,233838.1769,222602.7115,163320.7464,277913.5231,429317.0983,270597.0166,460668.4705,176364.9443
10/31/2020,537451.3549,390879.5758,454064.7588,506801.2524,,324188.9914,427296.3132,209123.1004,388505.6497,477604.41,262481.4962,283865.2604,454960.7696,236290.5092,226262.7589,164841.5956,282984.1744,434667.841,274395.9235,467549.0195,179157.8192
11/30/2020,544025.1608,395492.2862,460461.1194,511367.2689,480037.848,330422.0262,433949.7581,212781.8783,394824.1153,484071.3344,266228.6003,287580.124,460442.6033,239861.2705,230781.254,167258.0817,289040.8079,440785.4181,279539.2227,476507.5785,182583.6889
12/31/2020,550955.3848,399064.8332,468357.5319,515864.0395,489780.774,337461.9048,440727.4879,216946.4321,401461.8941,491035.4689,270252.9768,291070.5269,466151.8832,243895.8408,235632.0974,170000.5128,295442.1015,446829.8428,285226.7319,487042.6179,185837.1476
1/31/2021,557126.3402,402583.8994,475490.1156,519088.6443,498755.7915,344373.4127,447540.3305,221265.4334,407193.8676,497339.8115,274208.4149,294375.5055,471067.0769,247886.9725,240048.7485,173305.1182,301416.0487,452308.2063,290789.4714,497333.3878,189146.3131
2/28/2021,563410.423,406860.5634,482029.1321,522612.1648,507597.502,351286.8148,454922.6303,225545.7845,412914.7447,503681.5146,278093.5478,297506.3713,475676.929,251822.7882,244481.9895,176897.2033,307814.4664,457656.4891,296576.6972,507335.0546,192796.3122
3/31/2021,569607.0469,411028.2925,487246.4225,525923.5393,516104.3026,357943.1304,461409.6813,229545.2604,418088.5995,509212.3769,281767.2224,300544.8428,479868.7197,255719.4415,248450.801,180316.1384,313601.1797,462535.283,302151.5726,517439.792,196451.1375
4/30/2021,576106.4355,415372.3991,492560.0389,529491.4839,525288.9162,365232.8459,467329.4573,233093.2187,423652.8468,514640.2131,285161.1177,304179.462,484614.3162,259847.8198,252556.9182,183487.9878,319455.9125,468232.8254,307440.1125,528713.0363,200248.5244
5/31/2021,582067.3094,419848.7508,497186.0668,533155.8956,534181.4151,372984.8514,472125.3026,236327.0164,428568.4774,519644.7958,288867.0676,308366.1406,489626.5066,264263.5228,256715.615,186447.4436,324552.3158,474035.0258,312551.2967,542427.9888,204068.8338
6/30/2021,587557.36,424192.5211,501247.716,536922.7711,542666.8833,381040.8922,476660.0213,239934.79,432948.4043,524324.4045,293036.2288,313204.2497,494766.1831,268757.2408,261304.1757,189814.6185,329068.4907,479792.521,317439.0562,556093.9803,208050.4999
7/31/2021,591602.3394,428504.7275,503973.4516,541849.0304,548936.7007,387788.6485,480846.0197,243968.6699,436639.6068,528113.8207,297544.9234,317797.9997,499064.4193,272818.8428,265957.2794,193254.2506,332631.1786,484784.1498,321290.6892,569168.3077,211459.4857
8/31/2021,593312.8498,431051.5532,505156.4462,545564.2381,552412.6685,392695.9323,482951.8128,247501.7145,438598.5936,530010.1877,301229.1187,321291.8811,501435.8807,275798.9673,270198.783,195993.1269,334971.9931,488339.8659,323469.7074,579524.2177,214043.4581
9/30/2021,592844.7959,432874.4255,505371.8432,548408.1059,553579.9597,395916.5553,484256.823,249817.2708,439602.084,530582.3688,303697.4825,323592.4731,501840.8572,277656.1845,273489.2151,197720.6488,336295.1991,490400.1722,324150.1484,589133.3144,215546.8779
10/31/2021,592794.6562,434141.2541,505754.1154,550609.2843,554839.1351,399264.2891,485854.6104,251274.8828,440552.9312,531306.0116,305350.8599,325334.8928,501962.2399,279015.8478,276331.5745,198785.8563,337339.7102,491622.055,324801.3529,598261.1209,216635.8964
11/30/2021,594378.0698,436386.2538,507643.0272,553328.7285,557368.3516,403125.3765,489264.5004,253049.2056,443155.762,533439.2533,307187.4752,327385.677,503400.5809,280831.4787,279224.8618,200400.7257,338563.563,493559.6773,326515.4351,607740.4787,218075.6916
12/31/2021,597183.4312,439172.6853,509999.6992,555668.2095,561172.3355,407151.3607,492960.1105,255486.6886,446121.2738,536463.4428,309597.8403,330186.161,506442.2245,283396.0076,282548.4944,201801.2102,340380.3287,496370.7465,328107.7505,616699.6601,219929.0962
1/31/2022,600829.9679,442409.8786,513385.1427,556556.376,567467.6971,412898.3204,496408.3045,259091.5626,449502.5841,540429.2073,313051.902,333541.9765,511060.4685,286995.5667,285950.0965,204095.0001,342992.9701,500049.4802,330525.2346,625601.1051,222684.369
2/28/2022,605634.6846,445896.7179,517565.0672,556761.4687,575836.212,420218.4212,500232.705,263369.7985,452691.0116,544587.9345,316912.9547,337626.9531,516537.9841,291330.3061,289473.3358,206783.9337,346041.4204,504261.9714,333443.4082,634877.8735,225484.6391
3/31/2022,612690.6406,449975.7848,523260.1966,558726.1183,587126.763,429366.6778,505498.9304,267844.508,457364.7053,550248.3046,321320.9914,342392.566,523528.1929,296068.2118,293433.5318,210205.9925,349759.1306,509274.1075,337600.2451,644792.9689,228226.7533
4/30/2022,620529.8436,454248.8588,529526.0604,561889.8818,599147.8097,437826.9015,511199.8556,271776.4006,462247.4066,556432.8629,326125.2864,347618.8851,530731.3728,301110.6325,297945.3803,213342.3519,353726.4004,514644.0429,342333.692,655905.6582,231244.0391
5/31/2022,629056.5292,458864.4065,536514.8473,566479.2942,611216.6729,445542.0435,516607.0522,275470.5002,467575.3538,563588.3231,331103.4167,352729.4377,538145.3213,306022.6388,302404.0838,216142.6576,358451.9323,520175.673,346563.4213,667509.7926,234339.8935
6/30/2022,635781.0931,462839.4295,543076.842,570625.5934,621327.9652,452444.4822,520407.6109,278746.4102,471673.755,569673.659,335483.7644,356671.5078,544460.9969,310276.4896,306153.4186,218592.1634,362680.8522,524768.7445,350174.8124,677921.2867,237587.1132
7/31/2022,638930.1625,465120.1281,547586.4388,572874.9862,626980.4153,457031.5969,521803.8278,280568.6569,473972.964,572949.1644,337769.1662,358816.9058,548181.0914,312441.6125,308225.025,219472.7513,364916.964,526753.8118,351856.5417,682296.5503,239000.4823
8/31/2022,637030.0497,465322.5265,548247.2336,572262.9307,627865.242,458516.9148,520649.0021,280298.3823,474272.1597,572854.8143,338034.3297,358796.8413,548854.9603,312403.2569,308273.1281,218933.3443,364633.8516,525924.2313,351685.3067,679457.5605,238905.8504
9/30/2022,632192.0855,464109.0536,546122.1565,568983.3347,625523.9572,457421.7016,518245.3048,279347.669,473206.3861,570242.3772,337455.7538,357943.3341,547014.1418,311271.204,307598.2424,218168.8342,363216.6826,523729.7755,350527.9042,672936.836,238106.7252
10/31/2022,627605.494,463356.2113,543549.0882,565941.4702,623896.1769,456565.5026,517082.279,278889.6156,472579.587,568250.8192,337386.6943,357339.0824,545325.4065,310642.8561,307596.237,218640.8088,362359.7735,522379.6575,349661.457,667930.6214,237831.3444
11/30/2022,624732.0606,463137.8591,541702.8691,563066.0289,623318.9489,456489.2165,516371.5345,279182.8067,472387.5338,566926.5132,337919.0892,357398.6622,543944.819,310715.83,308376.3938,219674.8152,361814.9649,521577.3616,348905.698,665176.1652,238012.9588
12/31/2022,624320.2176,464299.0465,541323.4829,560814.3374,623289.8775,456795.4734,517148.9035,279579.6572,472841.8114,567069.5262,338589.2356,358136.6465,543776.3846,311095.2404,309400.4084,220547.691,361329.1701,520794.974,348098.9462,663669.6622,238080.7943
1/31/2023,627115.9254,467143.6662,542634.5024,560165.6953,622477.5967,456525.2431,519328.3952,280378.2949,474922.4015,568358.0359,339753.6719,360158.1371,545220.913,311748.4088,311556.3767,222203.9269,361938.7173,520658.9606,348378.7107,663721.6174,239321.0765
2/28/2023,629524.6834,469364.6242,543495.4512,559759.6063,621721.4669,456072.2251,520774.2877,281420.3616,476817.4748,569389.5328,341232.8144,362978.2278,546438.7046,312747.7709,314026.3002,224351.1784,362629.5355,520035.1956,349370.084,665779.3944,241076.0119
3/31/2023,633326.4695,472488.0632,545852.3927,560942.8204,622682.458,456281.2198,522732.6245,283367.6917,479743.9838,572321.0791,343624.769,366967.2575,549161.1803,315187.1516,317169.1393,226967.7922,364811.7017,521681.238,351869.8301,669622.788,243679.8538
4/30/2023,637908.2222,475939.5349,550215.0088,562743.6864,626324.8769,457913.6265,526842.5967,286346.3634,483302.6677,577412.1653,346647.0914,371444.8607,553146.4598,318811.8614,319743.2062,228870.4321,367421.5288,525012.5856,354461.7087,673957.9244,246143.3798
5/31/2023,644733.0831,481074.5331,557609.7322,566402.2963,632568.5145,461301.6162,533895.3762,290860.5167,488275.0913,584936.4654,350734.3764,376345.5077,559609.372,323153.4215,322581.1854,230881.5648,371939.9954,531016.5488,357932.3196,678156.1858,248848.8005
6/30/2023,650398.3018,485779.4646,564383.8621,570382.6201,639804.4672,465729.3652,541271.5002,295317.0836,493276.4027,592148.8588,354793.7385,380509.3837,566198.8706,327186.3295,325606.8017,233063.791,376350.7686,536803.5699,360845.4597,682528.3295,251591.6266
7/31/2023,654014.4974,489517.8064,569227.1737,573661.9964,646920.8087,470341.7503,545724.9154,299102.0331,496912.1796,597726.3976,358529.6137,383773.3841,571849.1503,330371.4298,328513.2678,235143.2813,380119.3469,541544.712,363222.4113,685842.2576,253817.6598
8/31/2023,656876.0084,492574.8167,572552.2439,575870.6563,652603.0484,474303.8619,548956.4018,301990.2556,499740.3858,602934.3094,361633.1537,386989.1783,577436.1753,333241.1036,331676.0898,237071.03,383227.4992,546130.8384,365785.5951,688825.993,255755.8686
9/30/2023,658713.9179,495352.7818,575187.6692,577131.6528,657461.8383,477874.5606,551140.1383,304551.4665,502124.4997,607328.3253,364060.2042,390328.7488,582502.3097,335440.3853,334707.2641,238353.9046,386088.007,550300.1639,368522.3347,690653.7899,257681.396
10/31/2023,660688.1032,497434.6543,578184.1536,578115.361,662165.0254,481748.4883,553678.748,306699.5284,504565.6853,611648.7822,365987.2213,393179.1702,586995.8703,337348.7548,337193.0489,239723.1904,389222.0979,554261.9294,370953.7277,692364.1214,259189.5487
11/30/2023,662826.8341,499674.0619,581950.9905,579207.735,667130.2086,485521.3001,556327.3486,308296.6334,507365.3549,615401.5743,367871.0468,395304.6895,590385.1516,339099.1297,339360.1229,240727.713,392191.776,557255.451,373136.485,693382.0969,260559.2622
12/31/2023,665676.5989,501965.4832,586118.0282,579807.2853,671102.6662,488711.6171,558880.9192,309768.4258,510348.4274,618828.7491,370088.6624,397126.6337,592942.4454,340780.92,340898.0571,241384.4265,394845.8229,559404.8729,374976.8999,694603.9876,261279.1165
1/31/2024,668995.3664,504974.4822,590169.3471,580923.4022,673281.8382,490356.6003,561244.3043,311399.3053,513493.9977,621717.5123,372548.8898,399530.917,595560.0302,342338.1601,342528.4686,240974.1437,396951.03,561102.5829,376789.9143,695371.5262,261789.5546
2/29/2024,674363.9627,509432.6539,594979.4013,583399.4626,676031.2787,492457.4055,564808.9676,314160.3727,517826.5897,626132.6134,375815.1171,403412.1541,600210.0329,344468.9821,344774.8121,241175.781,399790.1592,565131.0777,379310.4921,697594.9103,263078.9321
3/31/2024,681872.1328,515031.4164,601266.4285,589060.1136,681168.2795,495984.1356,569757.6193,317440.0537,523104.6928,632439.6246,379829.5545,408012.9199,607066.5502,347377.5768,347852.568,242755.7149,403774.455,571822.8577,383197.384,701178.02,265235.0102
4/30/2024,690209.5971,521249.2129,608091.7071,595258.8244,688214.5969,500971.1744,575324.6068,320715.4428,528701.7475,639700.8537,383874.5584,412365.6256,614679.0193,350708.387,351497.6189,245646.8037,408510.3711,579130.5693,387202.1437,706197.1499,268099.4053
