RegionName,State,Metro,1/31/2000,2/29/2000,3/31/2000,4/30/2000,5/31/2000,6/30/2000,7/31/2000,8/31/2000,9/30/2000,10/31/2000,11/30/2000,12/31/2000,1/31/2001,2/28/2001,3/31/2001,4/30/2001,5/31/2001,6/30/2001,7/31/2001,8/31/2001,9/30/2001,10/31/2001,11/30/2001,12/31/2001,1/31/2002,2/28/2002,3/31/2002,4/30/2002,5/31/2002,6/30/2002,7/31/2002,8/31/2002,9/30/2002,10/31/2002,11/30/2002,12/31/2002,1/31/2003,2/28/2003,3/31/2003,4/30/2003,5/31/2003,6/30/2003,7/31/2003,8/31/2003,9/30/2003,10/31/2003,11/30/2003,12/31/2003,1/31/2004,2/29/2004,3/31/2004,4/30/2004,5/31/2004,6/30/2004,7/31/2004,8/31/2004,9/30/2004,10/31/2004,11/30/2004,12/31/2004,1/31/2005,2/28/2005,3/31/2005,4/30/2005,5/31/2005,6/30/2005,7/31/2005,8/31/2005,9/30/2005,10/31/2005,11/30/2005,12/31/2005,1/31/2006,2/28/2006,3/31/2006,4/30/2006,5/31/2006,6/30/2006,7/31/2006,8/31/2006,9/30/2006,10/31/2006,11/30/2006,12/31/2006,1/31/2007,2/28/2007,3/31/2007,4/30/2007,5/31/2007,6/30/2007,7/31/2007,8/31/2007,9/30/2007,10/31/2007,11/30/2007,12/31/2007,1/31/2008,2/29/2008,3/31/2008,4/30/2008,5/31/2008,6/30/2008,7/31/2008,8/31/2008,9/30/2008,10/31/2008,11/30/2008,12/31/2008,1/31/2009,2/28/2009,3/31/2009,4/30/2009,5/31/2009,6/30/2009,7/31/2009,8/31/2009,9/30/2009,10/31/2009,11/30/2009,12/31/2009,1/31/2010,2/28/2010,3/31/2010,4/30/2010,5/31/2010,6/30/2010,7/31/2010,8/31/2010,9/30/2010,10/31/2010,11/30/2010,12/31/2010,1/31/2011,2/28/2011,3/31/2011,4/30/2011,5/31/2011,6/30/2011,7/31/2011,8/31/2011,9/30/2011,10/31/2011,11/30/2011,12/31/2011,1/31/2012,2/29/2012,3/31/2012,4/30/2012,5/31/2012,6/30/2012,7/31/2012,8/31/2012,9/30/2012,10/31/2012,11/30/2012,12/31/2012,1/31/2013,2/28/2013,3/31/2013,4/30/2013,5/31/2013,6/30/2013,7/31/2013,8/31/2013,9/30/2013,10/31/2013,11/30/2013,12/31/2013,1/31/2014,2/28/2014,3/31/2014,4/30/2014,5/31/2014,6/30/2014,7/31/2014,8/31/2014,9/30/2014,10/31/2014,11/30/2014,12/31/2014,1/31/2015,2/28/2015,3/31/2015,4/30/2015,5/31/2015,6/30/2015,7/31/2015,8/31/2015,9/30/2015,10/31/2015,11/30/2015,12/31/2015,1/31/2016,2/29/2016,3/31/2016,4/30/2016,5/31/2016,6/30/2016,7/31/2016,8/31/2016,9/30/2016,10/31/2016,11/30/2016,12/31/2016,1/31/2017,2/28/2017,3/31/2017,4/30/2017,5/31/2017,6/30/2017,7/31/2017,8/31/2017,9/30/2017,10/31/2017,11/30/2017,12/31/2017,1/31/2018,2/28/2018,3/31/2018,4/30/2018,5/31/2018,6/30/2018,7/31/2018,8/31/2018,9/30/2018,10/31/2018,11/30/2018,12/31/2018,1/31/2019,2/28/2019,3/31/2019,4/30/2019,5/31/2019,6/30/2019,7/31/2019,8/31/2019,9/30/2019,10/31/2019,11/30/2019,12/31/2019,1/31/2020,2/29/2020,3/31/2020,4/30/2020,5/31/2020,6/30/2020,7/31/2020,8/31/2020,9/30/2020,10/31/2020,11/30/2020,12/31/2020,1/31/2021,2/28/2021,3/31/2021,4/30/2021,5/31/2021,6/30/2021,7/31/2021,8/31/2021,9/30/2021,10/31/2021,11/30/2021,12/31/2021,1/31/2022,2/28/2022,3/31/2022,4/30/2022,5/31/2022,6/30/2022,7/31/2022,8/31/2022,9/30/2022,10/31/2022,11/30/2022,12/31/2022,1/31/2023,2/28/2023,3/31/2023,4/30/2023,5/31/2023,6/30/2023,7/31/2023,8/31/2023,9/30/2023,10/31/2023,11/30/2023,12/31/2023,1/31/2024,2/29/2024,3/31/2024,4/30/2024
Bergen County,NJ,"New York-Newark-Jersey City, NY-NJ-PA",241016.8775,241644.475,242407.0317,243971.6449,245765.6838,248261.2744,250715.9868,253202.2416,255493.4651,257888.2006,260478.7572,262746.669,265004.6959,267038.7845,268919.5247,270852.3813,272652.8822,274435.4305,276351.8648,278788.6911,281598.2102,284686.1462,287728.2892,290596.6258,293497.4873,296130.9896,298888.918,301381.7209,304021.7672,306925.3031,310138.6228,314338.6359,319692.9126,324838.2303,328867.9396,332183.8329,335760.6053,339900.474,343551.635,346973.224,350312.2197,354021.7545,358076.5364,361973.5117,365373.094,368495.4747,371410.9195,374252.7549,377267.6939,380247.1581,384000.1601,387457.7603,392120.5602,397187.4011,402885.805,408006.1196,412565.8546,417831.3552,423448.6622,428860.8508,433299.4738,437718.0563,441993.1163,447088.0882,452232.8309,458047.9889,463586.07,468677.5461,473265.3496,477988.268,482942.7185,486918.2599,490129.5427,493490.2099,497726.8661,501028.3075,503139.4877,504096.7203,505159.5807,504564.3241,503209.9147,500852.8863,498271.442,495723.2241,492985.4071,491716.8511,491944.8899,493612.4091,495394.8534,495529.8385,494116.022,491602.3976,489090.5564,487030.3842,485251.7401,483309.2865,481104.4172,479089.8755,477219.7785,475702.4537,472732.666,468585.0668,463600.7913,459415.8425,456232.8473,452721.2576,449168.4082,445931.4898,445417.5273,445847.6279,446842.9543,445127.4061,442374.1763,439281.7501,437134.6267,435219.1506,433138.4499,432073.7517,431546.6221,432459.2102,433091.4617,434120.7819,433462.9099,432472.9089,431300.7812,430903.4417,430680.1604,431018.4074,430957.8114,429852.7817,427832.7064,425548.7861,424302.5919,421989.4584,420209.6847,418185.3341,417754.4183,416234.6913,414329.1047,412351.8161,411566.2043,410028.872,408028.3914,405148.0532,403342.548,403212.0255,406059.3139,410205.1532,413347.966,414269.7557,414619.9365,415134.7423,416357.4569,417302.4891,417593.7665,417443.8497,417487.1838,418397.8518,419667.7712,421084.3651,422795.3503,424476.1636,426744.1667,429678.6858,433249.5265,437116.3695,439479.1708,441003.8524,441691.9092,443516.7608,446421.9777,450061.3083,452670.7239,454041.8758,454424.1159,454971.5023,455624.2424,456195.8938,456391.7,456167.0642,455602.7967,455506.0682,456041.974,456860.5289,458010.4845,459268.1379,461053.3044,463096.7011,465500.8534,468323.2406,470496.1991,472246.0518,472455.5437,472584.8608,472407.1424,473172.638,474436.5936,475910.3724,477106.2032,477309.7754,477098.8484,477615.2668,479023.748,481319.8691,482991.5678,484692.5478,486121.6742,488243.1943,490368.5166,492400.901,493740.0794,494800.0528,495837.7412,497024.1022,498339.4929,499448.9418,500196.2205,500566.3847,501719.4395,503168.924,505195.3227,506538.2974,508357.5254,509146.5657,509347.7467,508698.2507,508837.8017,509335.8025,509676.2746,509975.5978,510581.5416,511747.5862,512364.7259,512920.377,513083.7177,513234.0834,512963.1549,513409.993,514513.0355,515969.2839,518189.5067,520852.8939,524413.2549,527606.4176,529801.2734,530380.2218,529318.2617,529483.6416,532143.1163,537451.3549,544025.1608,550955.3848,557126.3402,563410.423,569607.0469,576106.4355,582067.3094,587557.36,591602.3394,593312.8498,592844.7959,592794.6562,594378.0698,597183.4312,600829.9679,605634.6846,612690.6406,620529.8436,629056.5292,635781.0931,638930.1625,637030.0497,632192.0855,627605.494,624732.0606,624320.2176,627115.9254,629524.6834,633326.4695,637908.2222,644733.0831,650398.3018,654014.4974,656876.0084,658713.9179,660688.1032,662826.8341,665676.5989,668995.3664,674363.9627,681872.1328,690209.5971
Middlesex County,NJ,"New York-Newark-Jersey City, NY-NJ-PA",179302.1464,179739.0987,180336.3224,181564.0011,183222.4218,185133.7058,187387.3599,189437.9372,191766.9913,194085.155,196352.1239,197990.4155,199410.2993,200966.5371,202765.0392,204770.1276,206663.4402,208950.8928,211443.6815,214269.2362,217019.7796,219738.38,222071.1593,224192.0039,226098.8306,228391.3888,230659.0088,232981.7846,235174.9925,237533.7886,240086.1957,243156.6647,246140.3695,249001.7574,251807.9045,254947.7674,258734.7455,262389.3784,266019.7156,269246.2428,272411.0394,275581.2871,278534.7904,281515.7166,284236.0108,286249.5437,287712.5753,288919.787,290475.3628,292306.5515,294418.388,296889.2496,300068.4052,303663.1203,307971.478,312847.7036,317749.279,321851.7899,325086.0602,328203.6379,331754.2741,334950.0372,338131.5883,342144.8115,347005.5913,352240.2576,357111.3554,361694.2503,365564.2419,369071.8141,372698.1756,376273.7023,379031.5351,381621.188,384302.4262,387471.6063,389742.7655,391446.2325,392078.9592,392127.7869,391615.0616,389929.3727,388569.3194,386768.5226,386343.6165,385886.9501,386177.143,385932.4927,384567.2119,382013.4676,378620.7047,375721.3282,373690.2468,372682.0226,371849.5334,370747.3135,369850.961,368817.5192,367366.7871,364939.4146,361814.81,358263.7573,354969.4564,352213.8052,350417.7371,348891.329,346486.8583,343690.9357,341364.4955,339892.4093,338703.952,336391.1201,334299.0227,332135.1502,330154.3593,328312.5496,326483.4008,325202.3858,324238.9732,324043.2589,323965.0602,324520.5965,324917.0782,325128.086,324963.6677,324353.4748,324067.0097,322337.1335,320492.911,318129.9299,315537.1157,312822.0919,310715.7763,309754.4436,308871.4746,307032.9855,304379.2323,301459.9585,299125.0021,297564.1381,296308.658,294206.9402,291760.5768,289593.857,288254.4762,286977.8976,285968.8183,285056.5158,284627.1479,283927.0185,283320.7014,282132.7823,281655.8489,281625.9808,282322.7599,283080.0112,283834.1497,284113.9592,284387.7724,284851.2109,286608.5748,288576.5806,290748.4405,292627.7472,294428.7386,295999.8545,296760.3245,297469.3945,298676.08,300394.1169,302704.427,304786.0588,307578.9399,309507.501,310963.7115,311168.9482,311182.7341,311135.3359,311263.8874,311493.9905,311455.4244,311403.8905,311537.6691,311845.1113,312699.6489,313200.2126,313922.7566,314951.022,316509.108,318436.2859,320216.6568,321986.0577,323367.1148,324428.3592,324877.4018,325479.7193,325952.6162,326410.3802,326385.7484,326360.5247,326377.2546,326380.6079,326316.8156,326855.8091,327498.7749,328470.6432,329271.7725,330863.3564,332564.4217,334303.9846,335197.3596,335621.9371,335747.9909,336666.6509,338025.6651,339836.3465,341333.9523,342801.2317,344304.2774,345802.0759,347225.6706,348763.6268,350365.6428,351896.983,352556.669,352772.7848,353189.053,354036.6581,355538.5401,357126.1384,359449.0952,362219.0478,365093.1757,367178.0303,368207.6709,368690.3688,368951.1303,369664.8227,371113.0614,373032.2511,374882.7896,376199.4402,377553.2725,379121.042,380322.0359,380803.1793,381056.6309,382352.3607,386301.2658,390879.5758,395492.2862,399064.8332,402583.8994,406860.5634,411028.2925,415372.3991,419848.7508,424192.5211,428504.7275,431051.5532,432874.4255,434141.2541,436386.2538,439172.6853,442409.8786,445896.7179,449975.7848,454248.8588,458864.4065,462839.4295,465120.1281,465322.5265,464109.0536,463356.2113,463137.8591,464299.0465,467143.6662,469364.6242,472488.0632,475939.5349,481074.5331,485779.4646,489517.8064,492574.8167,495352.7818,497434.6543,499674.0619,501965.4832,504974.4822,509432.6539,515031.4164,521249.2129
Essex County,NJ,"New York-Newark-Jersey City, NY-NJ-PA",193329.723,194107.9839,194904.0458,196192.5428,197353.7266,198739.5969,200562.8813,202845.7056,205005.5384,207309.2481,209293.4298,211304.0546,213244.9154,215430.2194,217753.2225,220065.8479,222430.9119,224777.2336,227268.4955,229959.3572,232753.9464,235629.73,238122.413,240363.7431,242370.562,244423.8484,246641.6081,248921.2229,251373.8762,254066.7249,256985.5808,260210.0662,263410.7769,266925.9691,270296.5669,273746.4527,277216.6038,280802.7459,284186.5848,287353.1678,290533.2768,294027.0135,297793.5545,301702.0331,304666.6381,306696.4895,307772.0873,309327.8297,311156.2262,313403.1653,315767.672,318518.8406,321495.9199,325045.8012,329281.4798,334057.8598,339165.257,344152.851,349063.8485,353400.9265,357876.3776,362062.6972,366185.701,369904.2533,373220.9821,377004.3323,380683.5071,385154.7213,390156.1662,395475.8862,400317.3558,404230.0767,407395.8332,410472.0835,413259.1311,417062.8765,420846.2898,424199.3004,426205.5018,427448.9468,428385.1442,428810.5765,428913.9583,429083.6031,429614.8597,430603.8599,431989.5721,433087.7368,432700.2618,430663.8178,427296.5587,424060.8683,420644.9202,418448.1453,417604.6006,416850.2028,415858.6183,414085.4084,413038.606,411939.6325,410168.2894,407978.7284,404872.9061,402336.8494,399960.5147,396583.7602,392057.8893,386593.7398,382588.5961,379459.5431,376545.978,372678.499,369420.1378,366181.7224,364257.0141,361685.7755,359596.5917,357005.2032,354319.3987,352620.1785,351521.13,350691.013,349379.624,348145.9019,347534.7576,348742.2965,349368.2985,348934.1134,346801.4739,345350.3091,345094.1701,344214.9961,341340.5273,339003.955,336951.9838,336291.0811,333680.2843,330130.8436,326676.7999,324328.0256,322343.3503,320365.725,317493.0713,314869.7419,313122.5611,312346.4589,312631.2855,311988.6277,311412.0064,310172.9897,309671.74,309361.3396,310128.4269,310887.3407,312145.6529,313600.6108,315192.0614,315912.5201,315510.6187,315371.89,315978.3699,317167.2629,318522.1341,319984.2282,321589.9423,323238.1261,324305.8119,325923.0858,327811.9757,330769.9151,334238.0053,338275.324,342749.8818,346128.0748,348152.5924,348546.0697,348284.7855,348150.9418,348325.2538,349423.8716,350053.2462,350332.2195,350363.3503,350542.434,351484.4855,352234.2511,353449.6707,355044.8629,357377.9738,360052.6945,362258.0226,364155.4131,365449.2307,366322.9552,366499.8825,366795.3759,367418.3203,368646.8737,369564.3982,370378.7493,370534.1416,370885.7801,371437.8059,373365.4124,375848.1738,378348.9255,380322.0485,382492.1824,384907.0627,386968.6438,387945.3459,388132.7387,388213.0649,388377.0547,389143.6314,390666.3477,393286.9146,395862.1703,398453.2242,400469.635,402438.7701,403567.39,404762.811,405661.3861,406559.2613,406760.2944,407415.8194,408642.808,410381.1022,412606.9122,415212.76,418259.9491,420195.2589,421320.3134,421457.5106,421703.1876,421807.2152,422875.9028,424760.2982,427010.8862,429739.9759,432736.3069,436624.6229,440847.2628,444313.1086,446109.7687,446265.8537,446885.9812,449361.3097,454064.7588,460461.1194,468357.5319,475490.1156,482029.1321,487246.4225,492560.0389,497186.0668,501247.716,503973.4516,505156.4462,505371.8432,505754.1154,507643.0272,509999.6992,513385.1427,517565.0672,523260.1966,529526.0604,536514.8473,543076.842,547586.4388,548247.2336,546122.1565,543549.0882,541702.8691,541323.4829,542634.5024,543495.4512,545852.3927,550215.0088,557609.7322,564383.8621,569227.1737,572552.2439,575187.6692,578184.1536,581950.9905,586118.0282,590169.3471,594979.4013,601266.4285,608091.7071
Hudson County,NJ,"New York-Newark-Jersey City, NY-NJ-PA",164059.465,164765.7765,165356.8097,166615.657,168025.4925,169133.2051,170339.3661,171476.7992,173143.8986,174938.2346,176664.2699,178466.0682,180283.1674,182351.815,184373.0121,186348.6461,188036.7844,189997.7197,192138.1823,194908.2552,197709.8998,200898.4775,203880.634,206635.54,209085.6262,211374.8399,213688.967,215898.4545,218129.5199,220733.0625,223487.8489,226441.3069,229236.4651,232132.8006,234881.5524,237493.5048,240030.0794,242693.079,245461.0272,248111.9546,250764.943,253754.2745,257015.553,260513.8766,263837.6738,266952.5805,269898.5976,272636.1223,275297.9408,277884.8013,280570.5244,283461.7578,286677.381,290565.7219,295438.6186,,309603.9242,315302.9981,318705.2951,323276.8276,328729.0487,334758.9763,340009.5902,345336.4121,350445.2712,356182.0684,362238.5086,368577.8526,375277.1526,381491.9727,387073.1226,391271.5922,395570.531,400183.7405,404837.3675,409885.456,414554.594,419426.9383,422676.8472,424456.5429,425536.7566,425945.4728,426895.3826,427688.1995,428450.4954,428997.9898,429518.1997,430196.9273,430964.4718,431533.3962,431881.1932,430961.9766,429319.2423,427429.411,425466.7557,423161.274,419442.7033,417431.613,411882.14,406658.6536,399849.3121,397274.665,395028.533,390335.8373,384308.6614,378153.314,372357.7858,366452.535,360319.432,356774.6477,353603.9155,347944.5809,340439.8366,332115.8442,327667.5339,325286.7015,325564.4507,325955.8517,327257.8014,326775.8492,326701.1579,323880.8065,320904.5576,321449.7517,324879.9976,329155.8543,328876.4519,325898.5304,321867.128,318158.4322,315341.4375,313632.3305,312427.2629,311053.4721,309427.0632,306318.9603,302948.7515,299823.0761,297168.1393,295673.8319,294385.9767,294001.3839,294496.9711,294625.2812,294160.3512,292962.7728,292916.9832,293481.2366,293924.9412,293500.9884,293147.4176,292187.8252,291951.288,291578.7034,292770.837,293823.4666,296285.2351,298606.1159,301618.9002,303974.5301,306192.5643,307483.4201,308356.0186,309913.2116,312843.1274,316314.6199,318650.2279,319396.9242,321098.6068,324164.8278,329033.2209,332730.5811,335465.3417,336409.7098,337064.0311,337999.7885,339669.8907,341169.8405,342761.5813,343879.4545,345262.0116,345943.2454,347983.4538,349830.5162,352437.1197,353078.0644,353941.9137,355476.8016,358897.9023,363138.3018,367445.444,371742.1987,375532.0995,378473.1065,380772.8739,383330.078,385942.1709,388530.1668,390481.1599,392683.7436,394619.0528,396396.8816,397984.2144,400690.8131,403762.989,407026.2323,409762.3212,413220.9838,416834.0967,420376.1974,423713.6293,427456.5005,431382.3355,435569.0322,439069.7332,442670.7169,445434.9382,449175.303,453233.1087,456910.9365,460584.5273,462995.4233,465701.591,466852.0198,467621.6224,467122.5027,466758.3398,466664.9998,468344.1792,470634.5635,473478.5779,476352.6701,478653.2607,480158.4091,480763.4546,481014.5574,481124.5771,482305.5757,484134.9726,486641.8442,489373.9007,492231.6119,495569.3494,498688.7302,501106.076,501727.1841,500845.0048,500541.2809,502668.4363,506801.2524,511367.2689,515864.0395,519088.6443,522612.1648,525923.5393,529491.4839,533155.8956,536922.7711,541849.0304,545564.2381,548408.1059,550609.2843,553328.7285,555668.2095,556556.376,556761.4687,558726.1183,561889.8818,566479.2942,570625.5934,572874.9862,572262.9307,568983.3347,565941.4702,563066.0289,560814.3374,560165.6953,559759.6063,560942.8204,562743.6864,566402.2963,570382.6201,573661.9964,575870.6563,577131.6528,578115.361,579207.735,579807.2853,580923.4022,583399.4626,589060.1136,595258.8244
Monmouth County,NJ,"New York-Newark-Jersey City, NY-NJ-PA",196554.9059,197015.5447,197610.403,198903.4451,200567.218,202571.6182,205005.5378,208572.212,212327.155,215952.5323,218263.6276,220417.5126,222422.8543,224985.2566,227107.8755,229253.3703,231361.4952,234208.6527,237064.1737,239843.3967,242366.0814,245504.8196,248269.5994,250858.6215,252811.763,254939.3571,257286.704,259828.5732,262158.6567,264537.4927,267194.5305,270936.8396,275002.5578,279374.2911,283225.1955,287062.603,290637.2738,294204.4672,297896.757,301303.2443,304781.1457,308184.2837,312134.2545,316253.6357,320424.8578,323782.0858,326491.308,328862.6757,331589.2005,334688.5299,337900.5556,341292.9205,345003.5682,349715.2665,355009.0445,359711.9977,363621.1635,367015.0304,371900.5804,376218.5662,380335.3666,383629.2081,387415.6108,392104.3474,396968.6124,401618.6099,405480.4565,408777.5643,412547.6294,416187.2903,419794.2786,423053.9048,426223.1356,429376.582,431723.7612,434480.75,437302.586,440292.034,442274.8096,442714.479,442375.3823,441493.0084,440332.259,438248.7693,434658.577,431486.2549,429176.5159,429124.8919,428612.4841,427581.1254,425509.071,423716.8889,422416.6331,420617.0039,418898.5691,417933.1337,417414.3021,416960.634,416081.5092,413749.3755,410095.8651,404755.9083,399946.0871,395267.9346,391806.6415,389720.6218,387903.0609,385545.3713,383786.0723,381477.7845,379092.2348,376505.2158,374972.1084,374552.8572,373245.7458,372576.263,371493.2477,369913.4904,368514.7201,367078.6796,366489.6946,366467.5482,367293.6754,367279.0862,366523.1534,364819.5732,363877.4995,362825.4113,361706.5987,360670.8553,359848.1339,359701.3438,359388.1992,358317.0732,356149.9299,354794.9227,353815.3855,352783.7958,350415.851,347306.3794,344701.4965,342124.0619,339915.0393,337787.7155,335905.5096,334865.1348,335114.0457,336149.1512,337486.9271,338180.9934,338566.6231,338725.7107,339005.304,339178.6434,339162.8451,339397.8034,340083.5578,340821.4051,341196.3201,341894.304,343324.392,345194.0853,347171.7501,349525.2464,351921.4637,354068.6359,355088.6238,356044.598,357964.1543,361143.1424,364751.2046,367887.5636,370706.6695,372560.2237,373526.3406,373827.2543,374176.4788,374398.7753,374412.0515,374388.7852,375094.3132,376317.7496,377674.094,378504.6937,379301.9604,380398.4542,381848.6716,383710.5327,385665.8091,387672.2824,389288.708,390513.8492,391414.0765,392246.1943,392960.6647,394020.2062,395148.8591,396361.1965,397494.4626,398157.1983,398672.979,399112.0848,399825.2791,401082.7158,402453.3132,404040.3325,405550.5781,407282.3527,409030.9688,410810.8599,412450.0595,413829.8192,415120.0768,416420.3683,417850.9647,419236.8573,420969.6236,422969.4928,425612.4193,427934.4872,430099.3482,431946.6508,434155.3772,436262.5722,437894.5003,438880.9812,439779.8615,440708.3567,441530.6739,442455.8532,443478.1528,444792.7177,445807.14,446684.6664,447067.7489,447094.212,446490.53,446455.301,447364.0833,448950.0593,450766.5299,452173.3584,454005.4689,455834.8157,457141.0356,457097.1577,456670.5131,458304.1797,463203.5096,,480037.848,489780.774,498755.7915,507597.502,516104.3026,525288.9162,534181.4151,542666.8833,548936.7007,552412.6685,553579.9597,554839.1351,557368.3516,561172.3355,567467.6971,575836.212,587126.763,599147.8097,611216.6729,621327.9652,626980.4153,627865.242,625523.9572,623896.1769,623318.9489,623289.8775,622477.5967,621721.4669,622682.458,626324.8769,632568.5145,639804.4672,646920.8087,652603.0484,657461.8383,662165.0254,667130.2086,671102.6662,673281.8382,676031.2787,681168.2795,688214.5969
Ocean County,NJ,"New York-Newark-Jersey City, NY-NJ-PA",140701.3294,141280.063,141611.8423,142487.4412,143301.6304,144327.6164,145398.0541,146655.0472,148257.9169,149891.1563,151446.1773,152671.5654,153806.783,155142.7822,156624.9878,158169.8403,159499.0368,160915.9275,162619.5612,164658.009,166972.7766,169055.5888,170821.1157,172169.7835,173729.5287,175569.3342,177640.8543,179845.6407,182085.7676,184567.1824,187280.0256,190514.5641,194549.2448,199173.8532,203721.5213,207259.8813,209969.7877,212547.233,215611.5348,218740.841,221864.3273,224906.4389,228626.6771,232642.377,236199.0061,239282.5013,242013.5455,244818.3087,247645.5744,250145.1528,253014.2506,256653.8372,261162.4247,265875.7301,269352.6181,272002.2579,274508.0509,277847.5277,281625.8809,285117.0418,288287.6979,290850.2794,294044.4098,297663.7488,301785.9765,305684.7328,308915.5688,312270.0488,315042.7087,317996.6265,320671.5345,323719.1473,326744.8973,329601.4129,332226.9437,334783.9076,337231.5378,339420.0083,340909.6979,341955.5854,342128.7459,341702.4131,340296.4818,338421.611,336261.045,334702.4454,333287.2725,332291.3802,331462.4008,330100.7263,328354.2625,326143.8672,324199.5462,322159.5236,319328.0367,316745.8321,315815.1129,315908.5633,315472.4858,312286.0529,308345.6909,304743.3871,302440.6211,300385.7967,298230.6882,295699.1045,293009.741,290815.9897,288460.6453,285842.8033,282723.8385,280312.649,278272.8639,276605.6579,274486.6531,272675.7168,270878.4706,269994.3169,269411.4521,269211.8484,268965.2087,269017.5953,269186.295,269260.6748,268723.7707,267707.0826,266503.0803,265440.422,264046.6218,262191.539,260446.3537,259489.3121,258567.9145,257316.6594,255695.7599,253727.8772,251281.4034,248859.7229,246574.5495,244845.1244,243170.8418,242061.5938,240664.4099,239145.1836,237717.204,237567.6512,238540.6059,239886.9517,241367.5836,242678.2892,243848.5271,243973.7737,243946.3991,243793.3141,244276.7849,244756.527,245428.0256,245612.2952,245211.1709,245134.4254,245447.4426,246423.147,247356.3942,248648.8967,250102.8747,251033.3798,251446.2222,251384.4285,251706.6122,252517.6384,253847.8409,255653.3566,257785.5494,259467.9184,260547.2867,261195.6442,261887.8937,262187.7335,262097.8942,261578.9158,261303.7435,261218.0322,261646.3211,262385.7481,263649.6321,264909.7225,265911.54,266595.3161,267445.9133,268598.1341,270062.0459,271320.9597,272322.2212,272778.3449,272690.0853,272528.9351,272762.4164,273514.0291,274427.7362,275149.2604,275494.2396,275666.5933,275988.7013,276938.0833,278129.6145,279130.2575,279892.5148,280867.2151,281942.0751,283017.4717,283798.8381,284455.3047,285096.0013,285694.2865,286547.6995,287196.4984,287940.7089,288327.8356,289121.3732,289740.5356,290782.3246,291796.4428,293316.6894,294359.3305,295007.9661,295125.6046,295414.2633,295858.7799,296558.5252,297575.5296,298912.5154,300558.2653,301807.0639,302699.3045,302903.4574,303053.148,302992.2262,303207.7139,304020.2072,305123.788,306976.0953,308803.2888,311444.5957,313567.1385,315011.8185,315307.9137,315416.4748,316516.4515,319467.2756,324188.9914,330422.0262,337461.9048,344373.4127,351286.8148,357943.1304,365232.8459,372984.8514,381040.8922,387788.6485,392695.9323,395916.5553,399264.2891,403125.3765,407151.3607,412898.3204,420218.4212,429366.6778,437826.9015,445542.0435,452444.4822,457031.5969,458516.9148,457421.7016,456565.5026,456489.2165,456795.4734,456525.2431,456072.2251,456281.2198,457913.6265,461301.6162,465729.3652,470341.7503,474303.8619,477874.5606,481748.4883,485521.3001,488711.6171,490356.6003,492457.4055,495984.1356,500971.1744
Union County,NJ,"New York-Newark-Jersey City, NY-NJ-PA",197904.5681,198549.6928,199197.398,200567.8542,201496.0824,202399.3127,203639.7697,205780.1299,208374.3601,210622.6915,212579.1588,214291.4169,215877.5251,217352.1017,218593.8961,220072.9834,221941.6012,224316.3839,226835.7599,229255.9111,231540.9222,234057.4363,236490.2296,239448.9182,242598.4968,245698.4309,248288.8653,250070.8479,252387.0774,254917.6804,258454.7329,262253.8976,266385.1103,270925.2967,275733.1512,280375.3703,283532.752,285882.8998,288152.9261,290884.0491,293578.7518,296652.7558,299834.971,303274.353,306485.7016,310408.2385,314557.9059,317882.1081,320711.3689,322844.2985,325680.1488,329035.4656,333339.4179,338141.9054,343089.9217,347816.7436,351618.5621,355219.1107,358310.1606,361992.5606,365448.8911,368822.0971,373411.8896,378616.8752,383838.3155,388095.3054,391900.4762,396731.8005,401709.5568,406669.465,411830.9365,416613.186,421083.4129,423691.0688,424944.0657,426734.7585,430180.3234,434876.2263,438473.2588,440608.6999,441708.5379,441189.6278,439645.7291,438263.4705,437514.9347,437201.9082,437354.9884,438361.8252,438935.3102,438572.2425,436142.895,433843.1879,431720.2166,431259.6442,430243.9561,427898.5296,424998.6712,421801.905,418990.1307,415584.1003,412242.4997,408530.9216,404374.3677,399690.3068,394780.073,389608.3112,384787.7019,380746.143,377678.4111,375169.0412,370607.6579,364941.5266,359237.1633,355789.8774,354381.6479,354176.3031,353745.1447,352808.3898,350439.217,348282.2037,347061.725,347367.1787,350323.0084,352560.9548,354484.3388,354275.1729,353794.4984,352657.4587,350543.2322,347574.1135,343699.1817,340312.3727,336506.327,334141.1664,331029.7603,329036.3311,326775.3381,325312.4791,324011.8495,322803.5705,320745.9461,319086.4723,317380.4127,315220.4726,312371.5018,310703.5457,311045.5475,311748.232,311328.612,310090.5631,308578.2505,305976.0633,304456.3708,303767.3043,304630.1351,304623.5876,305176.4687,306463.1349,308503.962,310037.2943,310944.3306,311108.4239,311252.457,311973.0343,314199.0084,316862.6625,318736.4024,319572.2825,320885.5757,323094.7506,326101.2273,327977.4622,329049.5643,328704.1209,328383.7081,328026.4258,329110.1337,330313.7904,331473.1897,331458.2663,331642.6944,332234.351,333485.56,334039.9918,334250.4108,333644.6797,333423.7295,333512.8628,334800.1205,335843.6296,336722.9939,337265.6592,338949.5962,340971.8673,342464.7876,343585.8214,344379.2457,345046.1943,345174.4555,344905.1344,345101.4326,345724.062,346889.8235,348942.8007,351201.6649,354393.7193,357442.3275,360728.0684,363283.9408,365228.8903,366175.4565,366589.9547,367815.8011,369976.2191,373012.1649,375226.4425,377156.3516,379039.7778,381307.7352,383678.9834,385452.5669,386738.6674,387718.7951,388360.4021,389117.0438,389433.6776,390207.6794,390983.7006,392606.0927,394845.381,397797.5063,400769.3861,402928.1616,403767.7615,403455.8554,402521.115,401704.8413,401614.146,402819.0406,405292.2713,408444.9369,411077.0227,413479.6773,415793.0048,417661.2027,418159.6978,417886.3386,418541.6884,422097.5373,427296.3132,433949.7581,440727.4879,447540.3305,454922.6303,461409.6813,467329.4573,472125.3026,476660.0213,480846.0197,482951.8128,484256.823,485854.6104,489264.5004,492960.1105,496408.3045,500232.705,505498.9304,511199.8556,516607.0522,520407.6109,521803.8278,520649.0021,518245.3048,517082.279,516371.5345,517148.9035,519328.3952,520774.2877,522732.6245,526842.5967,533895.3762,541271.5002,545724.9154,548956.4018,551140.1383,553678.748,556327.3486,558880.9192,561244.3043,564808.9676,569757.6193,575324.6068
Camden County,NJ,"Philadelphia-Camden-Wilmington, PA-NJ-DE-MD",106254.0838,106404.6584,106618.309,107074.1322,107035.1181,106782.7424,106505.3695,106828.0809,107384.67,107908.6621,108297.9134,108606.9252,108913.9589,109246.681,109550.4593,109881.6677,110337.3234,110972.2048,111719.2556,112543.9345,113439.821,114346.6472,115255.3665,116008.2449,116710.1176,117150.6449,117460.8102,117767.1125,118192.8341,119011.5737,119903.7798,121191.3093,122831.532,124480.0617,125745.6088,127156.517,128685.244,130359.6894,131274.8422,132447.0589,133671.0842,135188.9778,136752.6046,138763.532,141214.4175,143723.7644,145730.6995,147094.6157,147946.7962,148786.3691,149883.9515,151306.4134,153297.9171,155870.6106,158769.9583,162282.1975,165469.314,168545.4998,170705.3609,172368.8329,173976.3114,175717.5141,177650.5013,179431.5511,181590.9867,184016.0648,186921.8981,189464.9782,191851.988,194231.2403,196348.6717,198642.6633,200682.4631,203018.0538,205230.693,207350.9709,209792.3849,211878.4843,213524.2292,214460.6451,215280.5115,216046.421,216682.6468,217057.1225,217168.7699,217479.0986,218176.2607,219117.6124,219947.5579,220522.8026,220881.8739,220598.0226,219873.7333,219178.6949,218723.7961,218489.9527,217932.6995,217467.9572,217078.2972,216491.6638,215349.871,213909.4311,212248.291,210794.0929,208575.9224,206145.1944,203575.7019,201471.9668,199740.2386,198063.8666,197010.9545,195735.9834,194174.7133,192711.5996,191792.226,191098.3749,190308.1791,189978.7399,190350.9623,190524.542,190388.0066,189574.3103,189051.7229,188590.8086,188737.1587,189025.9293,188863.5558,187818.0661,186105.2822,184193.1006,182801.0029,181263.752,180387.1468,179729.9921,179187.9763,178156.2303,176938.2916,175786.7293,174381.0706,172548.3641,170857.9969,169722.8452,168653.3527,167462.6903,166242.5861,165988.1355,166612.887,167492.6937,167775.1491,166976.9916,165578.9388,163411.15,161874.7714,160826.3878,160819.6858,161112.7401,161424.799,161852.4565,162416.8713,163290.4134,164195.0378,164620.2513,164686.9269,164405.821,164089.5359,164047.8351,164352.0121,165114.3457,165900.0053,166902.2116,167960.2676,169049.0831,170015.3728,170200.2871,170194.5152,169585.5111,168855.1082,167890.4765,167172.3722,167007.1803,166842.9217,166978.9998,167312.3527,167743.0353,168231.993,168433.9857,168987.4708,169281.6127,169677.5882,169855.319,169859.8377,169975.2516,169906.1555,169543.2093,168843.7834,168776.448,169526.7856,170548.4458,171227.5949,171549.6116,171529.3196,171562.4256,171953.5782,172732.9738,172871.9223,172407.0684,171963.5816,172161.7835,172496.8881,172860.1325,173114.4863,173465.8897,173613.3836,173833.0932,174363.4117,175032.7947,175493.1448,175574.5543,175918.8512,176169.2597,176323.6573,176035.7007,176435.6273,177254.5615,178255.8435,178757.9377,179277.4064,179759.2476,180563.1342,181613.4429,183175.2095,185020.561,186364.0366,187336.6335,187722.2462,188092.0358,188365.1907,188942.9249,190022.7674,191445.6047,193408.4923,195482.123,197938.9959,200398.7978,202364.2003,203635.7837,204224.8311,205018.9844,206563.1418,209123.1004,212781.8783,216946.4321,221265.4334,225545.7845,229545.2604,233093.2187,236327.0164,239934.79,243968.6699,247501.7145,249817.2708,251274.8828,253049.2056,255486.6886,259091.5626,263369.7985,267844.508,271776.4006,275470.5002,278746.4102,280568.6569,280298.3823,279347.669,278889.6156,279182.8067,279579.6572,280378.2949,281420.3616,283367.6917,286346.3634,290860.5167,295317.0836,299102.0331,301990.2556,304551.4665,306699.5284,308296.6334,309768.4258,311399.3053,314160.3727,317440.0537,320715.4428
Passaic County,NJ,"New York-Newark-Jersey City, NY-NJ-PA",184779.8014,185361.6713,185983.1338,187269.1128,188023.2082,188692.0656,189838.2501,191935.0826,194133.402,195755.1817,197146.5898,198835.3125,200855.7913,202921.8901,204618.9049,205907.9608,207138.4342,208491.0273,210161.8065,211936.9637,214027.8995,216234.3718,218337.4553,220262.2637,222122.8974,224059.4023,226042.2436,228119.5579,230254.7236,232589.7831,235090.9921,237927.7639,241247.2482,244966.3147,248542.9451,251509.766,254623.9222,257759.837,261131.1074,264115.4859,267431.6419,270990.5218,274511.4419,277834.334,280957.8087,284129.679,287107.4975,290465.7751,293319.3451,296170.4765,298384.3245,300810.3621,303431.1598,306130.3118,309117.6408,312407.7223,316107.9028,319932.2126,323225.6589,326260.6439,329084.6174,331931.2109,334795.6982,338143.3977,342038.4331,346469.2703,350686.1727,354786.8826,358697.8499,363351.1795,367784.6471,371780.6959,374289.3754,376397.7191,378789.5379,381869.1185,385371.8495,388404.783,390671.133,392069.0623,392936.8125,393333.8665,393727.6933,393516.6741,393252.5004,392724.2274,392242.1046,391532.6757,390215.0481,389180.0025,388194.188,387300.7638,385787.644,383484.0939,380419.7912,377090.7569,374895.3765,374009.0929,372693.6021,369711.5673,365653.9019,361993.4524,358992.6738,356162.2789,353830.5039,350695.189,348034.1368,345088.9081,342643.6346,339963.0758,336975.7077,334366.0833,330985.6416,326556.9549,322106.7986,318389.0686,315865.49,313659.8973,311817.4148,310794.757,310065.3786,309575.9632,309059.9247,308593.3443,308253.5801,308342.1107,308467.0651,308245.4102,307132.8566,305709.2627,303982.897,301880.2279,299193.7569,295258.234,291498.2112,288664.2333,287630.5169,287245.6484,285446.0426,283122.3241,280286.1131,278486.5251,277184.3631,276324.7507,275453.1248,275426.0322,276623.8625,278739.9389,280532.7088,281231.0727,281366.2133,280205.702,278727.4379,277435.9148,276692.5454,276564.5925,277002.2127,277969.7077,278587.5879,278572.3587,278518.0629,278774.5368,279613.2177,280936.6458,282527.6073,284322.616,284955.2042,285450.6518,286278.9376,288273.975,290989.1393,293251.6614,295505.3591,296622.3664,296916.4799,296594.0008,296539.5843,296738.0623,296932.8863,296928.5845,296734.4461,296597.6712,297155.4866,297398.586,297935.3573,297829.4639,298551.7291,299830.1194,302014.9828,304829.029,307562.5109,309796.9254,311241.2527,312021.0998,312194.4534,312655.2816,313385.0985,314414.3942,314802.1004,314978.2991,314858.2474,315194.8676,315171.295,315676.7511,316067.411,316763.1005,317418.0106,318270.8716,319563.8631,321407.4572,323200.8795,324903.3667,326464.7239,328093.07,329460.2293,330319.5182,331259.7585,332614.1072,334483.708,336027.2439,337333.0575,338502.6139,340101.4791,341638.0241,342513.5561,342789.7494,343728.0326,345181.1742,347326.3198,349864.3922,353066.1753,356382.3513,358449.5262,359725.5006,360560.0251,361392.8719,361740.9264,362341.7323,363865.8141,366141.9875,368880.4927,370982.3742,373283.9919,375389.1327,376908.8708,377655.1249,377877.5647,379454.145,383142.0392,388505.6497,394824.1153,401461.8941,407193.8676,412914.7447,418088.5995,423652.8468,428568.4774,432948.4043,436639.6068,438598.5936,439602.084,440552.9312,443155.762,446121.2738,449502.5841,452691.0116,457364.7053,462247.4066,467575.3538,471673.755,473972.964,474272.1597,473206.3861,472579.587,472387.5338,472841.8114,474922.4015,476817.4748,479743.9838,483302.6677,488275.0913,493276.4027,496912.1796,499740.3858,502124.4997,504565.6853,507365.3549,510348.4274,513493.9977,517826.5897,523104.6928,528701.7475
Morris County,NJ,"New York-Newark-Jersey City, NY-NJ-PA",247155.9575,247772.9782,248593.6508,250333.1037,252332.4578,254935.5625,258286.1568,262453.6694,266577.2495,269971.1666,272076.6694,273465.1918,274634.109,276550.2372,278612.8142,281038.7953,283729.0191,286038.6722,287964.4787,289479.9544,291914.2937,294839.8405,297842.6509,300641.5871,303162.4211,305307.4797,306940.4798,309053.1056,311613.3978,315129.523,318410.7062,322433.6645,325867.7912,329882.6558,333608.5595,338045.0342,342044.3464,345553.8897,348881.0488,351788.9438,354672.5032,357554.9921,360959.9496,364518.817,367856.7668,371108.5242,374267.6759,377339.4254,380617.3534,384214.6967,388744.7275,392822.3752,397036.6339,400649.625,405217.7531,410294.592,415678.3557,420378.397,423863.8024,426651.2091,429690.4647,431449.4449,433066.7886,436500.5233,442623.3177,449621.5799,454970.2578,459526.826,463633.5748,467646.0061,471531.5069,475169.6457,478623.5268,482486.6273,486540.0169,490154.1281,492714.4664,494032.2978,494162.9126,492685.0964,490910.5537,488894.8338,486584.8406,483450.1074,480580.7715,478931.5962,478254.2866,478281.5918,478006.8739,477503.1213,475982.6214,474828.3734,473656.6071,472658.7095,471374.1866,469647.8731,466496.8606,461785.2888,456480.0865,451882.43,447102.383,442555.6148,438259.9341,435001.3729,431350.7094,427748.4695,424705.4729,422093.3033,421449.8024,421607.9836,423765.9937,423804.3811,422702.2093,420066.8278,417603.2465,414961.0882,412837.902,411059.3867,409463.6197,408737.7146,408721.4832,410443.7849,411198.0922,410948.8381,409427.9397,408483.2921,407915.4017,406977.238,405262.6067,403072.1295,400851.5839,398752.6517,397235.0698,396424.0279,395274.3023,394433.1983,393053.7104,391153.9882,388324.891,385736.7331,384476.6903,383260.4359,381497.4624,378671.7152,376608.8522,376401.1678,378206.6663,380753.9248,382933.478,384674.1154,386023.4294,386853.6028,387234.2132,387368.6276,387599.714,387909.1233,388058.5839,388317.2057,388282.9172,389149.6973,390662.7217,393175.4341,395948.487,398643.0298,400748.9302,402401.4679,403436.7293,404832.9459,406588.25,409450.3373,412277.7056,415548.8727,418358.1603,420659.1226,421859.1492,422300.6857,422854.8055,423515.4665,424611.7952,425570.77,426612.2894,427549.0033,428214.6589,428320.3262,428593.7186,429233.4738,430254.368,431450.3963,433202.1524,435554.8594,437650.6266,439762.766,441184.1026,442229.6687,442106.6757,441731.3886,441394.5337,441447.9771,441517.7168,441090.1184,440374.5665,440221.2295,440817.2216,442346.359,443429.7289,444241.5805,444420.3855,445131.7254,446084.2577,447416.3027,448537.715,449263.5753,449821.6833,450532.6825,451576.444,452411.9644,453091.3177,453467.4892,454438.9268,455603.4498,457219.5937,458413.2175,459887.806,460957.1395,461652.893,461659.0466,461849.1508,462226.7624,462337.9481,462457.7388,463163.1612,464298.4516,465101.1683,465201.0858,464760.2557,464147.0198,463332.7618,463175.9199,463515.8975,464298.0108,465701.0915,467256.7345,469286.4668,471081.9668,472154.2168,471776.0347,470243.6146,469995.6117,472564.0223,477604.41,484071.3344,491035.4689,497339.8115,503681.5146,509212.3769,514640.2131,519644.7958,524324.4045,528113.8207,530010.1877,530582.3688,531306.0116,533439.2533,536463.4428,540429.2073,544587.9345,550248.3046,556432.8629,563588.3231,569673.659,572949.1644,572854.8143,570242.3772,568250.8192,566926.5132,567069.5262,568358.0359,569389.5328,572321.0791,577412.1653,584936.4654,592148.8588,597726.3976,602934.3094,607328.3253,611648.7822,615401.5743,618828.7491,621717.5123,626132.6134,632439.6246,639700.8537
Burlington County,NJ,"Philadelphia-Camden-Wilmington, PA-NJ-DE-MD",138725.9475,139007.1735,138620.87,138288.1301,137762.8014,137969.0736,138652.5697,139515.7924,140375.1849,141015.8126,141537.6498,141964.3869,142371.5429,142852.194,143425.1909,144105.5855,144971.6799,146091.1003,147293.3527,148650.526,150160.2083,151809.2368,153162.2517,154076.9395,154782.6455,155668.2795,156736.4829,157969.9512,159228.0141,160718.4998,162466.1616,164679.2204,167069.4371,169438.4487,171754.2847,174035.3594,176195.9807,177935.6797,179514.5567,181314.8287,183386.2778,185910.0129,188527.792,191669.6466,194673.1302,197475.7245,199652.6178,201610.0587,203686.7453,206050.977,208355.0471,210458.3163,212558.9159,215105.4104,217968.9765,221060.1911,223766.2416,226352.3769,228585.9085,231075.1625,233552.7252,235923.5239,238291.1221,240955.6971,243899.1488,247132.2557,250503.9946,253967.8958,256875.341,259721.0138,262751.774,265837.2902,268122.0658,269934.0571,272112.0046,274856.4631,277602.3013,279607.0672,281025.9343,282010.0401,282679.5338,283002.4773,282717.3409,282397.2797,281809.0374,281112.0501,281065.2483,281388.164,282244.3415,282035.1264,281288.5261,280037.1095,278922.2464,277666.3769,276382.6293,274501.7923,272742.9345,270965.8252,269657.5516,268183.5169,266423.6832,264772.3103,263083.5782,261569.0853,259395.3005,257212.1752,254731.8627,252556.3366,250470.2005,248835.576,247617.3049,246372.4603,245075.862,243584.5783,242297.8477,240956.507,239627.4064,238411.2756,238000.0049,238252.7462,238894.2224,239199.8405,239035.0489,238705.4102,237963.5882,237027.1607,235874.3628,234610.8321,232906.6126,230926.7169,228894.8739,227074.1328,225659.1527,224525.56,223819.27,222626.2423,221096.72,219400.4292,217653.7087,216144.54,214725.5805,213712.4795,213061.5671,212211.5763,211531.5718,211152.6452,211259.0396,211614.9969,211912.7071,211895.2758,211492.7756,210638.412,210216.8414,209842.0371,209761.6744,209700.546,209806.657,210108.2866,209979.2144,210098.2381,210667.0963,211942.8678,213045.3828,213588.6001,213937.4168,214477.7578,215143.3373,215723.4495,216132.0417,216889.5825,217659.3238,218717.9729,219700.5154,220373.0531,220741.9041,220715.3035,220674.8802,220431.1962,219987.1366,219603.5479,218956.2096,218786.4212,218577.3482,218833.3785,219365.3642,220155.7465,220981.3459,221648.6279,222541.122,223532.8536,224159.3979,224301.6839,224249.7048,224387.1146,224396.2379,224617.5638,224982.8213,225863.7583,226657.2641,227317.6581,227587.8084,227680.8058,227402.4828,227300.2916,226909.7911,226685.6911,226221.7402,226624.1181,227360.728,228501.0727,229070.7609,229320.3232,229656.8642,230261.3166,231062.5452,231608.4313,231725.9287,231588.8695,231656.6746,231729.8574,231907.8763,231975.444,232783.819,233737.6099,234738.5499,235216.2841,235695.8721,236211.6138,237092.3335,238215.4046,239646.5729,241104.706,242210.2952,243051.8132,243486.8078,243785.3048,244062.5238,244605.803,245719.5745,247029.8611,249056.1702,251301.5593,254174.9818,256876.7847,258730.5452,259420.3897,259055.6727,258884.9365,259941.1633,262481.4962,266228.6003,270252.9768,274208.4149,278093.5478,281767.2224,285161.1177,288867.0676,293036.2288,297544.9234,301229.1187,303697.4825,305350.8599,307187.4752,309597.8403,313051.902,316912.9547,321320.9914,326125.2864,331103.4167,335483.7644,337769.1662,338034.3297,337455.7538,337386.6943,337919.0892,338589.2356,339753.6719,341232.8144,343624.769,346647.0914,350734.3764,354793.7385,358529.6137,361633.1537,364060.2042,365987.2213,367871.0468,370088.6624,372548.8898,375815.1171,379829.5545,383874.5584
Mercer County,NJ,"Trenton-Princeton, NJ",147231.643,146988.9383,146976.8251,147300.6035,147853.2309,148631.2943,149447.7774,150802.4885,152325.556,154213.4661,155884.9657,157456.931,158483.8421,159606.7658,161022.2918,162765.3875,164377.7205,165908.549,167478.2231,169345.1238,171320.2371,173235.4696,175013.1933,176694.1576,178381.4486,180116.6511,181757.8395,183357.2702,184961.4577,186819.8272,189035.5581,191565.7366,194171.6432,196749.3817,199169.754,201473.3129,203985.9322,206417.2615,208807.9341,210782.35,212875.6661,215133.7999,217766.2728,220393.4176,223074.3321,225450.3474,227548.852,229483.7638,231434.5025,233748.2739,235880.9689,237921.5737,240584.213,243422.6156,246491.7583,249450.1793,253030.8349,256792.4457,260470.5534,263549.4261,266553.7779,269092.773,271603.9733,273876.7987,276640.5397,279761.047,283547.0588,287398.4616,291151.3046,294366.082,296867.7293,299370.3653,301612.7045,304058.2446,306523.2303,308948.9118,311380.6603,313487.8466,315071.2463,315343.5407,315012.293,314619.9998,314447.5883,313741.2064,312820.9972,312269.0531,312376.5039,312628.5776,312310.0359,311779.5285,310702.048,309062.9705,306855.6774,304531.7272,302694.4163,300696.5536,298790.7533,297602.4961,296323.6708,294750.5781,292123.7516,289324.8632,287048.1875,284942.8158,283174.9204,280597.4562,277908.0758,275866.4581,275100.4498,273772.1516,271197.1069,267933.2492,265426.1575,263946.8679,262101.4647,260322.0669,258715.9186,257999.3073,257725.6648,257758.5847,257975.03,259011.4041,260544.3843,262531.281,263163.2208,262864.5805,261526.7369,260254.3055,258500.0257,256418.6064,254042.8106,251802.9284,249091.365,246533.8437,243899.1212,242023.7626,240346.239,238606.0308,236509.1365,234572.0252,233058.1231,232044.0597,230281.8228,228441.2242,226836.0987,226318.6916,226273.4769,226356.2629,226039.2904,225015.0146,223620.1085,221613.7213,219884.7212,218520.8887,217994.052,217525.1413,217301.7225,217454.5397,218404.8864,219906.0138,221834.1354,223324.5514,224251.4325,224752.1936,225344.9415,225976.5041,226595.0778,227032.5047,227838.0031,229241.9846,231463.963,233558.5312,235520.0273,236392.4558,236927.6936,236591.1269,236171.4694,235430.1014,234575.2246,234070.3663,233697.2114,233759.6637,234191.5114,234867.556,235875.6223,236486.0762,236961.5231,237357.6729,237746.384,238328.1307,238791.7593,239309.0782,239876.1742,240482.5921,241038.6834,241567.9771,241997.8904,242727.7677,243377.5851,244011.8986,244255.2289,244379.1848,244729.2185,245413.4666,245620.2564,245423.4556,245027.2751,245585.6876,246564.5037,247690.5594,248397.0032,248489.6772,248523.2975,249002.3591,250525.7235,252074.6851,253347.8162,253999.2667,255067.2626,256106.8989,257234.2588,257854.7126,258629.8421,259060.6021,259181.6354,258785.2955,258892.5843,259432.1729,260523.5019,261589.0689,262856.5481,264163.4849,265308.6749,266305.5719,266717.1483,266907.9021,266862.1826,267332.4234,268391.4392,269903.7558,271461.164,273058.7744,275267.0691,277635.351,279046.3473,279276.0052,279187.7905,279558.4201,281365.7231,283865.2604,287580.124,291070.5269,294375.5055,297506.3713,300544.8428,304179.462,308366.1406,313204.2497,317797.9997,321291.8811,323592.4731,325334.8928,327385.677,330186.161,333541.9765,337626.9531,342392.566,347618.8851,352729.4377,356671.5078,358816.9058,358796.8413,357943.3341,357339.0824,357398.6622,358136.6465,360158.1371,362978.2278,366967.2575,371444.8607,376345.5077,380509.3837,383773.3841,386989.1783,390328.7488,393179.1702,395304.6895,397126.6337,399530.917,403412.1541,408012.9199,412365.6256
Somerset County,NJ,"New York-Newark-Jersey City, NY-NJ-PA",238207.71,239065.93,239911.1898,241637.3341,243254.2138,245105.3818,247352.7579,250076.7349,253015.1985,255879.3908,258793.0451,261698.7571,264082.802,266120.6953,267861.0395,270170.566,272742.1223,275599.503,278574.9387,281813.9227,285108.6932,288476.4151,291401.186,294057.5675,296494.9132,298889.0887,301345.7965,303659.4856,306181.3947,308930.7221,312593.7862,317059.3667,321880.5326,326771.4574,330672.587,333717.5791,336389.7628,339198.7699,341677.9296,344345.2214,347455.5467,351089.6662,354258.3398,357016.0678,359645.413,362175.5325,363962.7013,366068.7189,368266.2511,371381.5243,374936.7767,379208.9041,383524.1423,387827.1541,392121.6765,397423.912,404174.6178,410987.0455,416249.8826,419794.2366,422315.3268,426733.1578,431013.1884,435627.9217,439374.149,443742.9183,448546.7291,452672.0923,456638.4305,460502.288,464674.8316,468091.2767,469776.6358,470693.1143,471954.5149,474684.6489,477460.8939,479696.2827,480502.2339,480174.4446,478687.7278,476250.51,474691.6729,472414.2193,470368.1975,467586.6372,466222.9101,465543.2055,465908.9038,465359.5013,464552.7561,462178.3408,460159.6628,457946.961,456017.9633,454433.506,452775.359,451259.0489,449606.3191,446357.5713,442494.2767,438683.5133,435982.6685,434133.8594,431371.7444,428380.0232,424244.7351,420556.1528,419302.5713,420335.0006,420662.7838,419899.6632,417310.9086,415091.5004,412412.8868,410083.0639,408448.0227,407042.4019,407045.2094,407639.1656,408580.4059,407875.1622,408192.12,408384.588,410355.1115,411361.4234,411947.0232,410608.1252,408080.6079,404940.7231,402131.8021,399566.1843,398144.7655,398323.2075,398283.7165,397506.028,394556.5401,391622.2744,389013.8666,387660.1748,386440.9591,385140.7207,383447.0395,382424.7865,381870.3397,380495.2342,378845.5064,376731.5757,375437.3276,373950.13,371958.6161,370188.9072,369144.3254,369162.3605,369291.3229,369562.219,370199.1098,371076.9786,371917.8331,372706.7388,373658.4252,374400.1589,374733.2138,375778.8764,376944.4476,378743.0724,379570.4231,380801.8173,382748.2269,385782.9845,389665.5065,393662.2301,396842.8331,398518.7048,398585.1437,398442.4805,398591.3802,398960.6988,399148.3425,399147.0278,399274.313,399533.0161,400041.2894,400395.4956,400784.9743,400802.7519,400779.2154,401054.2288,402148.9232,403572.5608,404664.3936,405231.1638,405821.5395,406452.3693,407016.1643,408040.6522,409602.6512,410927.2284,411348.5693,411004.6801,410583.2347,410886.5193,411808.2788,413205.351,414177.3699,415023.8824,416148.4972,417658.5478,419436.1997,420814.2005,421916.0736,422491.1217,423010.4865,423527.1748,424311.9344,425001.0772,425855.6007,426720.0405,428161.171,429702.3241,431410.6236,432879.7673,434192.0734,435115.6923,435560.0197,435507.193,435393.094,435415.6378,435568.5728,436066.5467,437050.5368,438443.3136,439210.6149,439579.9401,439288.2002,439084.7278,438627.4267,438289.0662,438341.7575,438620.9385,440102.4037,442178.9263,445341.4114,448198.0092,450020.9373,450215.8979,449077.8438,448887.6615,450795.9245,454960.7696,460442.6033,466151.8832,471067.0769,475676.929,479868.7197,484614.3162,489626.5066,494766.1831,499064.4193,501435.8807,501840.8572,501962.2399,503400.5809,506442.2245,511060.4685,516537.9841,523528.1929,530731.3728,538145.3213,544460.9969,548181.0914,548854.9603,547014.1418,545325.4065,543944.819,543776.3846,545220.913,546438.7046,549161.1803,553146.4598,559609.372,566198.8706,571849.1503,577436.1753,582502.3097,586995.8703,590385.1516,592942.4454,595560.0302,600210.0329,607066.5502,614679.0193
Gloucester County,NJ,"Philadelphia-Camden-Wilmington, PA-NJ-DE-MD",129044.332,129337.3362,129645.5491,130269.9801,130928.0392,131571.9989,131352.679,130951.1215,130526.694,131069.3123,131536.3555,131938.926,132223.9313,132653.6982,133121.392,133498.0871,133859.2255,134376.1312,135343.2349,136542.2123,137742.2566,138649.759,139469.0175,140286.191,141212.1132,142223.7446,143278.9027,144119.6375,144854.491,145774.9175,147087.1754,148711.4831,150285.4151,151864.0152,153558.337,155188.7298,156563.5943,157692.9254,158879.2867,160486.8253,162521.6298,164780.5673,167245.7887,169718.8858,172072.6605,173688.1836,174990.2267,176264.5904,177828.6259,178772.8554,179969.0583,181689.8482,184254.0918,186742.4618,189241.5204,192082.73,195109.948,198114.3478,201078.913,204261.8038,206675.1094,208810.5199,210308.8165,212157.0587,214440.5208,217210.9116,220757.7111,224133.4884,227402.005,230019.452,232087.6775,233642.8817,235434.865,237465.9957,239607.6794,241679.0789,243516.4387,245787.5787,247734.6126,249709.3698,251448.7739,252768.1632,252863.3965,251624.4679,250243.0012,249731.1957,250445.7312,251166.709,251717.9303,251672.3295,251600.1605,251409.1974,250750.8555,249817.5277,248501.1127,248177.8807,248354.5594,248933.3449,247625.7105,246415.9889,244803.2323,244249.8325,242842.2361,241272.0956,238846.1421,236160.2238,233659.1406,232076.0837,231105.7792,230427.3937,229709.5608,228402.8188,226356.7026,224262.1031,222352.1804,221148.3934,220148.0314,219534.3115,219119.2247,218855.6984,218832.8594,218897.6959,219005.5519,219075.1803,218518.7183,217621.7595,216588.7036,215811.7553,214931.9661,212925.5415,210715.3839,208029.6979,206810.0471,206030.48,205632.2091,204296.0179,202041.4843,199542.9276,197322.868,195623.7447,194455.049,193879.7029,193465.0908,192721.9832,192187.0009,192069.7459,192789.1075,193390.4019,194090.0924,194005.5879,193363.1286,191686.8945,190693.1219,190181.7823,190256.4537,190463.1045,190404.4098,190423.098,190479.0091,191182.897,192492.3256,193570.1744,194190.8129,194389.4751,194755.8108,195521.8702,196183.5014,196718.9494,196746.7821,196712.7728,196855.4419,197214.1545,198111.0047,198444.1043,198718.2145,198621.1553,198839.5133,199172.9453,199388.051,199688.5434,199652.4993,199915.745,200266.3449,200824.8163,201725.3096,202232.3466,202840.5993,203248.0412,204244.5319,205360.1559,206117.9563,206708.6812,206967.396,206996.9961,206601.1151,206244.139,206396.7802,206842.2902,207498.813,208085.9186,208391.2026,208548.6865,208459.6834,208576.6475,208174.3967,207768.6082,207484.978,207970.9689,208713.0634,209281.0076,209453.003,209481.8891,209576.0503,210000.8307,210487.1278,210947.5371,210891.585,210359.122,209828.2209,209112.3119,208677.878,208246.5608,208657.936,209341.1921,210045.5216,210446.35,210714.5915,210901.1664,211189.5194,212068.5646,213522.189,215207.545,216144.6433,216704.4923,216799.4538,217094.2392,217326.802,217851.0423,218874.6742,220221.0713,222074.5336,224183.6158,226697.9765,229232.7129,230895.2982,231469.5042,231663.4116,232177.8759,233838.1769,236290.5092,239861.2705,243895.8408,247886.9725,251822.7882,255719.4415,259847.8198,264263.5228,268757.2408,272818.8428,275798.9673,277656.1845,279015.8478,280831.4787,283396.0076,286995.5667,291330.3061,296068.2118,301110.6325,306022.6388,310276.4896,312441.6125,312403.2569,311271.204,310642.8561,310715.83,311095.2404,311748.4088,312747.7709,315187.1516,318811.8614,323153.4215,327186.3295,330371.4298,333241.1036,335440.3853,337348.7548,339099.1297,340780.92,342338.1601,344468.9821,347377.5768,350708.387
Atlantic County,NJ,"Atlantic City-Hammonton, NJ",112507.3347,112761.289,113001.5416,113550.5032,114247.5442,115047.2444,115428.9885,115715.7839,116062.6316,116725.5379,117346.0834,117916.42,118615.52,119337.5013,119948.5219,120614.775,121361.6071,122171.5091,123086.796,124073.843,125154.3657,126232.9338,127275.0604,128322.6202,129254.0143,130176.2301,131054.5437,131927.9014,132834.9048,133915.3482,135131.3077,136714.1116,138532.7758,140707.5455,142925.7332,145055.3336,146829.8105,148426.8991,149975.1485,151793.5003,154010.5123,156503.3883,159160.7358,161649.7194,163830.0632,166115.126,168423.7882,170793.4499,172799.9777,174588.9468,176683.1765,179022.2511,181988.6823,185161.9703,188926.3425,193008.2482,197318.9968,201093.763,204251.9505,207032.8845,209859.4053,212456.6415,214857.853,217821.8935,221217.8158,225152.9444,229217.3226,233574.3102,237708.0794,241626.3412,245051.8418,248612.8433,251846.7112,254345.7626,257184.6536,260254.7548,263677.6085,266348.8197,268457.2422,270463.3901,271708.5466,272581.7487,272884.3677,272545.6464,272087.6599,271490.3276,271619.6723,271509.6956,271622.6654,271285.8259,270221.086,268350.4625,266382.0355,264798.5564,263149.5994,260741.3434,258316.177,256986.7126,256424.9685,255690.2072,253782.7977,251536.5703,249002.2479,246295.8651,243560.5223,240624.5667,237448.6964,234240.4726,231123.2314,228537.4593,225952.8975,223135.8919,220051.3209,216908.3901,214451.1358,212850.2522,211711.1082,210506.4737,209123.643,208243.8204,208015.7713,208466.0328,208326.8636,208085.2146,207505.6137,207142.2935,206279.0056,204879.0879,203842.163,202930.0055,202519.9963,201748.6501,201039.626,200084.0014,199079.699,197859.3786,195736.3758,193236.3411,190925.5087,189698.9929,188896.4357,187822.2052,186427.9069,185284.6374,184888.7237,185680.2208,187086.3708,188230.6524,188667.1668,188604.6437,188677.9474,188657.7391,188814.6929,188965.2245,189368.3432,189734.6324,190176.7517,190536.5743,190745.2277,190588.7839,190330.3033,189936.8294,189999.6591,190377.0552,191268.789,192222.833,192758.558,193044.794,193214.3313,193780.8478,194268.2896,194746.3556,195243.9277,195509.4455,195524.7162,195559.1768,195669.6343,195593.9276,195224.4115,194754.2295,194273.295,193907.8944,193787.4054,193376.6722,193027.1072,192414.2691,192215.738,192045.5583,192084.0921,192070.5725,191592.4431,190914.1945,190381.9487,189634.6003,188572.5253,187276.5612,186449.2594,185881.8893,185284.4226,184052.3588,182112.6582,180068.9209,178468.6162,177910.7671,177677.5605,177569.9114,177410.0201,177597.4459,178022.9969,178735.2058,179533.5425,180579.7418,181601.5441,182786.0223,183996.2373,184773.2985,185018.5992,184817.5516,185127.5254,185581.9926,186323.4393,187150.1009,188623.2754,190394.9939,191991.317,193327.5486,194520.2101,195666.944,196967.5066,198623.3895,200605.2428,202381.8314,203498.5294,204364.1352,205032.8363,205830.6229,206509.1851,207574.0806,209062.7044,210676.7501,212302.9634,213629.5261,215368.5934,217069.3613,218227.4302,218679.3978,218935.5244,220149.4754,222602.7115,226262.7589,230781.254,235632.0974,240048.7485,244481.9895,248450.801,252556.9182,256715.615,261304.1757,265957.2794,270198.783,273489.2151,276331.5745,279224.8618,282548.4944,285950.0965,289473.3358,293433.5318,297945.3803,302404.0838,306153.4186,308225.025,308273.1281,307598.2424,307596.237,308376.3938,309400.4084,311556.3767,314026.3002,317169.1393,319743.2062,322581.1854,325606.8017,328513.2678,331676.0898,334707.2641,337193.0489,339360.1229,340898.0571,342528.4686,344774.8121,347852.568,351497.6189
Cumberland County,NJ,"Vineland-Bridgeton, NJ",96191.47865,96327.80704,96431.05034,96690.36822,96901.63753,97151.06486,97361.94746,97482.74604,97658.18652,97895.84304,98313.41483,98541.9261,98791.33798,99115.14612,99612.92142,100075.7798,100508.7792,100917.1509,101482.0543,102011.931,102611.4257,102955.8912,103050.9509,103011.9457,103157.1643,103781.0166,104593.6949,104327.2566,104573.0243,103914.1663,104032.0485,103375.4107,103578.8626,104088.5674,104616.7409,105086.6722,105553.3231,105968.2628,106331.956,106709.6108,107292.5987,108217.7305,109349.3262,110646.9747,111769.566,112732.871,113649.0279,114487.7102,115503.6604,116590.3632,117934.2979,119512.1361,121088.5496,123165.1675,125848.2397,128674.5723,131693.3091,133683.5499,135658.8809,137293.6552,139603.0034,141728.0015,143777.5431,145587.8034,147654.2292,149654.1059,151930.6559,154867.2886,158031.6095,160879.8616,163281.5276,165674.8282,167946.0204,169896.7698,171263.8131,173160.6714,175109.1993,177761.0634,180289.3494,183049.9887,185411.3822,187495.4052,189216.4281,190535.7627,191335.8983,191620.542,191508.1788,191701.8836,192181.6021,193340.6186,194272.31,194683.4518,194539.7395,194118.6089,193448.0542,191997.5723,190154.5737,188484.4592,187758.5995,187297.2603,187850.8268,188814.6343,189701.3008,189579.6165,188149.7925,184431.7815,178966.7364,174329.7932,173284.9963,174525.4099,174663.9723,173289.4199,170645.4156,168293.8802,165114.7647,162106.6296,159135.6388,158487.5765,159241.0238,159539.4195,158567.9585,155979.7818,153208.1742,150409.2636,148952.515,149374.4229,149837.7626,149737.608,148908.6447,148318.9878,148141.4197,148209.591,148484.4932,148364.6259,148330.2431,148165.4189,148632.5365,148243.3218,147752.0704,146169.6991,145203.3163,144232.9484,143796.731,143275.7256,142118.8074,141908.4139,143019.6644,145206.9029,146416.3545,146319.5138,145758.7863,145927.4436,146648.2269,147481.4565,147555.8152,147296.6418,146009.0082,144462.8912,143206.4521,143127.1686,143706.0439,144297.0223,144337.6401,144683.1285,144793.0967,145491.1645,145708.1199,145769.4028,145219.7234,144854.1765,144915.5152,145456.8871,145697.1888,145336.3854,144751.6177,144450.5651,144503.0088,144495.4213,144521.0273,144464.8259,143777.8869,142717.2883,142216.808,142809.2777,144043.4198,144806.8752,145329.1649,145943.4846,146561.1147,147098.5166,147096.7742,147396.3971,147739.9608,147983.196,147705.9011,147384.2813,147132.694,146977.5345,146837.87,146795.4955,146923.146,147241.6936,147645.948,148183.4581,147976.458,147792.0919,147535.8271,147787.5762,147601.7154,147261.9048,147125.0025,147534.5727,147966.5891,148145.5704,147876.7424,147495.9765,147181.0766,146848.493,146523.0574,145323.1893,144245.277,143251.8807,143641.6267,144620.0941,145554.065,145865.1291,145809.0972,145773.0742,146665.1206,148308.0584,150168.7824,151531.6166,151754.0045,151907.7358,151462.3903,151122.1784,150659.4314,150863.3725,151818.5823,153274.8858,155166.7926,156944.7434,158747.8491,160825.7304,162478.2743,163459.4989,163091.5995,162745.2821,163320.7464,164841.5956,167258.0817,170000.5128,173305.1182,176897.2033,180316.1384,183487.9878,186447.4436,189814.6185,193254.2506,195993.1269,197720.6488,198785.8563,200400.7257,201801.2102,204095.0001,206783.9337,210205.9925,213342.3519,216142.6576,218592.1634,219472.7513,218933.3443,218168.8342,218640.8088,219674.8152,220547.691,222203.9269,224351.1784,226967.7922,228870.4321,230881.5648,233063.791,235143.2813,237071.03,238353.9046,239723.1904,240727.713,241384.4265,240974.1437,241175.781,242755.7149,245646.8037
Sussex County,NJ,"New York-Newark-Jersey City, NY-NJ-PA",155156.1112,155648.4774,156010.3857,156755.9279,157628.6285,157801.6696,158172.4976,158655.9901,160241.6789,161944.2736,163388.7036,164468.5954,165657.3108,167165.9782,168891.912,170662.3529,172298.5239,173909.6177,175391.5944,176823.8339,178352.5292,179909.5217,181453.6388,182866.8797,184118.8696,185349.1738,186554.1229,187798.0179,189101.803,191055.2805,193605.6459,197199.6858,201862.1418,206402.4772,209925.6827,212083.3829,213938.6905,216059.0195,218143.5046,220731.7414,223046.2585,225843.5104,228693.4436,231935.4308,234839.3328,237384.2773,239738.2228,242053.0804,244527.7008,247275.9426,250015.9337,252546.2633,255033.5319,258051.8694,261594.2432,265154.4188,268464.1262,271083.8566,273568.7923,275932.657,278601.0843,280947.6568,283377.94,285895.6084,289156.1035,292621.7253,296140.8869,299705.9567,302660.9235,305772.2257,308169.2872,310601.46,312313.9781,314584.941,317396.3933,320551.5293,323437.4708,325986.423,327798.3686,328945.9113,329148.6104,328984.5412,328056.5025,326378.8728,323934.2619,322145.5479,321556.3015,321744.9209,321476.3097,320545.7447,319617.5387,318645.7343,316653.7023,314442.5463,313515.5532,313520.5608,313561.4471,312207.5717,309478.4704,306317.7013,302679.4486,299256.3408,295887.722,292984.7383,290025.3993,286784.8823,283328.0294,281038.5886,281090.5523,281384.6548,281432.0651,278709.6506,275463.0274,270668.395,265460.8282,259078.8361,256382.8606,256715.2457,259020.3761,261643.3112,263532.8308,266199.0676,267103.4051,268180.5069,268713.0544,268922.6379,268648.3276,268098.9993,266617.4715,263979.2923,259219.8318,254815.2596,252544.3586,249763.776,247129.3644,243728.249,243175.3126,243250.063,241341.0636,238746.2646,235848.8518,233864.302,230427.0239,226258.2913,221810.516,219626.4236,219239.6003,219605.0759,219623.0713,219253.0078,218983.0666,218584.4284,217590.3908,216471.0342,215922.0882,215571.1414,215412.6939,214763.3641,214420.4471,214460.0572,214829.5698,215578.5979,216180.2247,217121.3439,217369.0339,217884.7694,218568.886,219407.8895,220199.4746,220827.763,221982.5472,223323.4771,224726.4149,225983.8406,226959.7248,227592.3898,227684.7354,227505.8503,227415.274,227123.3511,226851.2537,226884.4047,227765.9011,228513.6866,229338.7524,230544.5353,232109.0117,233637.3939,234502.2622,235750.528,237138.0737,238135.1972,238340.4098,237695.985,237061.4073,236582.6636,236485.589,236692.8833,236974.3863,237221.1229,236468.3366,235637.1627,235451.6856,236186.793,236507.8896,235839.5322,234897.8515,234203.5741,234107.998,234742.142,236014.1484,237317.526,238292.0122,239255.1826,240436.54,240898.5495,241201.7313,241039.1735,241778.9112,242138.7964,242227.9078,241994.899,242714.3511,243968.1738,245309.2036,246196.0247,247582.4258,249069.2242,250543.183,252247.0636,254185.6291,256085.1751,256896.2019,257857.7368,258997.3128,260355.7497,261302.6766,262071.7859,263600.1001,265066.634,266851.3124,268316.4369,270577.1368,272896.6374,274173.3217,274312.3844,273822.3517,274799.797,277913.5231,282984.1744,289040.8079,295442.1015,301416.0487,307814.4664,313601.1797,319455.9125,324552.3158,329068.4907,332631.1786,334971.9931,336295.1991,337339.7102,338563.563,340380.3287,342992.9701,346041.4204,349759.1306,353726.4004,358451.9323,362680.8522,364916.964,364633.8516,363216.6826,362359.7735,361814.9649,361329.1701,361938.7173,362629.5355,364811.7017,367421.5288,371939.9954,376350.7686,380119.3469,383227.4992,386088.007,389222.0979,392191.776,394845.8229,396951.03,399790.1592,403774.455,408510.3711
Hunterdon County,NJ,"New York-Newark-Jersey City, NY-NJ-PA",256960.5754,257742.0958,258744.7456,260799.9067,263166.7753,266088.378,269341.0273,272441.4941,275050.0284,277493.182,280004.4208,282413.4759,284669.6623,286890.4412,288904.4413,290798.0428,292718.8996,295453.8593,298820.4966,302715.5964,306611.6187,309788.4543,312188.0577,313706.2916,315175.0149,316717.4885,318811.247,320977.0027,323201.3507,325636.156,328739.1995,332138.394,335182.5105,337873.9593,341527.2907,345266.845,348912.1253,351135.9247,353243.4768,355557.6668,358299.9247,362070.1508,366025.2789,370452.3229,374185.3894,377369.5407,379241.8776,380448.3075,381434.9332,382935.714,384608.3145,386593.5447,389415.7754,393076.5996,397519.3588,402161.1103,406620.5873,411337.462,415272.2137,420185.4054,423553.8695,426846.6868,429572.8258,433373.2872,437577.8422,442197.3368,447498.7835,453036.3713,457921.6,462193.2387,466010.4783,468693.4106,470625.9724,472986.8513,475317.6462,477950.0441,480016.2799,482648.1083,483748.2961,484148.5313,483413.1043,482116.3341,479571.0665,476763.3813,475218.1775,474949.6014,474571.4991,472169.4594,469436.9379,467922.0666,468240.4119,468204.9085,466499.2322,464115.621,461412.012,458724.4056,456158.157,454870.0377,452786.7084,449814.1014,445110.89,441196.3703,438399.7637,436372.4824,434779.154,432090.2102,427866.4308,423759.9246,421105.1186,419450.1668,416590.18,412247.5094,406522.2718,401947.9508,398082.9861,397091.4868,394663.6266,394101.3117,393615.0265,395999.7162,397699.279,398887.0796,400046.5983,401988.691,404065.1945,403694.0897,401429.3944,398271.0094,396395.6842,394694.9446,393028.5974,389733.6989,388577.9924,387476.4505,387636.0494,383938.898,380800.4957,378253.7149,377859.4331,376673.0179,375305.8181,373228.7895,373048.304,373885.318,374299.5561,372613.0694,370149.2124,368548.3658,367953.2552,366692.9181,364957.7486,362724.6788,361802.9175,361688.9126,362137.0991,362409.0938,362609.181,363238.6567,363857.8262,365145.8281,366988.556,368568.402,369551.4083,370366.8591,371522.6683,373224.1706,374550.5043,375478.4262,376656.2568,378596.1753,381605.561,384840.4546,387588.0713,388841.045,388967.7496,388488.8747,388653.9759,388679.6671,388760.7159,388464.3917,388363.1576,388348.7012,389119.2663,390336.9193,391942.9583,392741.4435,392664.475,392627.3116,393533.4025,395222.5379,396617.9715,397422.2861,397566.8693,397015.6345,395978.5683,395587.5346,396332.2381,397414.1889,398133.0438,398122.5205,397791.366,397808.1827,398194.1373,399244.2701,399971.3776,400549.39,400965.5738,402640.8646,404819.9245,406785.1938,407771.2087,408268.4876,408947.5529,409564.6402,409892.6223,409290.1414,408421.3791,407341.0771,407593.1196,408834.5124,410671.5366,412672.0925,414394.4037,415982.9846,416607.8833,416335.0859,415853.2606,415220.2579,414640.1234,414326.9984,414547.9533,415819.7641,416621.2271,417587.6203,417784.8096,418309.0053,418227.3838,418083.0569,417808.0378,417722.0247,418617.3351,419995.0976,422337.0603,424533.2327,425824.2972,425737.8151,424905.5832,425861.6656,429317.0983,434667.841,440785.4181,446829.8428,452308.2063,457656.4891,462535.283,468232.8254,474035.0258,479792.521,484784.1498,488339.8659,490400.1722,491622.055,493559.6773,496370.7465,500049.4802,504261.9714,509274.1075,514644.0429,520175.673,524768.7445,526753.8118,525924.2313,523729.7755,522379.6575,521577.3616,520794.974,520658.9606,520035.1956,521681.238,525012.5856,531016.5488,536803.5699,541544.712,546130.8384,550300.1639,554261.9294,557255.451,559404.8729,561102.5829,565131.0777,571822.8577,579130.5693
Warren County,NJ,"Allentown-Bethlehem-Easton, PA-NJ",166185.6994,166499.0179,166856.4416,167715.7267,168819.6533,170116.8956,171663.5076,173179.4651,174854.289,176384.3984,177675.6549,178792.9634,179844.7888,181204.7156,182648.2872,184108.4207,185414.3341,186733.1193,188001.5311,189630.1786,191454.4235,193594.174,195690.0201,197543.9722,199143.7088,200444.4,201603.6709,202845.6794,204075.6206,205722.1542,208076.6361,211356.9686,215140.3235,218787.2702,221663.6924,224131.7678,226054.1306,227729.2895,229289.7252,231621.4697,234744.1242,238664.7451,241762.8023,244899.6984,248011.6707,251533.142,254773.7854,257169.3577,259257.6414,261639.2134,264112.9002,266746.3635,269059.4196,271587.8538,274284.8549,277010.7117,279638.0365,282364.4779,285279.9742,288421.751,291578.9568,294849.0031,297996.5703,300780.9496,303397.6004,305777.2795,308505.8999,311352.1872,314289.2155,317323.6433,320425.3931,323643.1145,326553.6825,329146.8168,331194.4519,333233.2012,335418.446,337907.3028,339489.0373,340472.1098,340675.1311,340947.6799,340619.0937,339297.9915,337584.9191,335836.8548,335192.5962,334791.828,334498.7305,333664.7151,332632.5192,331421.8615,330035.2544,328614.2309,326809.2551,325479.7689,325449.7212,327346.0963,328834.0614,327848.7165,325831.8963,321920.3122,316977.1859,310143.1046,304704.8091,300858.132,298931.1199,296604.3297,292224.4995,285880.4047,279969.0733,277229.596,275027.5422,272264.3106,269373.1376,267151.0385,265837.5679,263802.7867,261410.7332,260308.1549,260791.5045,261205.165,260059.7373,257307.8387,254248.1993,252871.3496,251518.9152,251132.2062,250117.6459,249203.7687,248201.2214,246345.3653,244373.1874,242297.7996,240460.0145,238300.3259,236424.6941,233506.8492,231149.52,228342.6228,226067.2918,222902.6405,220002.0097,216854.501,214788.3367,213589.8926,214469.7009,215807.9547,216722.0257,216873.6799,216625.3938,215903.1385,214959.4203,214111.3628,213186.2803,212473.1999,211580.2689,211233.6076,210667.1567,210560.2672,210724.3447,211666.0998,212583.6763,213552.9715,214403.6274,215616.7504,216456.9351,217356.291,218309.3062,220002.8477,221744.0714,223318.7771,224331.2243,225117.0116,225927.7504,226671.7295,227263.7291,227771.1423,228200.9492,228485.9504,228500.7725,228845.9657,229509.7822,230343.6056,231154.8134,232029.2327,233011.495,234193.0044,235444.2888,236896.2937,237874.3355,238553.3203,238995.5762,239369.5432,239136.6193,238505.6399,237812.6042,237630.9954,237254.0059,236952.2629,236481.3194,236415.1271,236281.3506,236730.5391,237217.4409,237979.0525,238388.2756,239078.5968,240049.9588,241221.9956,241941.0343,242070.225,241810.696,242236.1718,242980.9558,243895.4054,244283.2215,244183.4897,244311.6084,244339.6312,244760.9529,245156.8659,246286.7299,247413.8915,248053.3922,248070.5038,248172.0949,248332.4412,248742.4881,249357.2221,250386.6585,251591.5493,252409.7129,253326.9751,253925.7876,254597.9808,255029.2916,255830.7662,256910.9542,258350.6781,260178.2722,262369.6722,264960.8494,267432.3334,269004.0514,269405.9504,268816.25,268770.2156,270597.0166,274395.9235,279539.2227,285226.7319,290789.4714,296576.6972,302151.5726,307440.1125,312551.2967,317439.0562,321290.6892,323469.7074,324150.1484,324801.3529,326515.4351,328107.7505,330525.2346,333443.4082,337600.2451,342333.692,346563.4213,350174.8124,351856.5417,351685.3067,350527.9042,349661.457,348905.698,348098.9462,348378.7107,349370.084,351869.8301,354461.7087,357932.3196,360845.4597,363222.4113,365785.5951,368522.3347,370953.7277,373136.485,374976.8999,376789.9143,379310.4921,383197.384,387202.1437
Cape May County,NJ,"Ocean City, NJ",161016.2389,161728.1237,162587.6823,164420.1534,166405.1736,168541.7629,170725.4038,172712.9093,174526.1537,176021.3236,177580.8489,179090.0826,180898.3316,182973.6397,185155.9619,187297.1403,188988.5625,190668.7687,192279.9715,194313.7777,196653.5383,199267.5961,202131.9725,204803.5694,207270.4052,209190.5318,211017.6538,212879.1124,215533.648,218636.6099,222077.8615,225417.4182,228602.115,231969.8051,235289.3027,238845.6513,242473.7583,246243.1858,250162.1719,254225.8155,258707.5484,264158.8556,269582.126,274802.0541,279140.0925,283385.4643,287422.8595,291697.2477,295955.0046,300843.3654,306108.7931,311470.1677,316737.0949,321848.7819,327524.858,333611.2139,339538.6826,346896.3319,353147.9306,358999.2184,362239.2472,366367.4503,370765.0066,376061.389,381484.8885,387342.3738,393142.3316,398775.861,404395.6925,410251.077,415930.4235,421115.8758,426112.9333,430509.3425,434407.5569,437916.0255,440766.3279,442814.7164,443627.3,444022.8522,443246.672,441829.4874,440028.4328,438084.1809,436093.5698,433287.0319,430319.4345,426826.325,423074.2397,419169.9847,415696.1497,413274.3818,412258.6597,410984.3274,409457.97,408052.8602,407170.6157,408289.5803,407766.9014,407935.6104,410339.7483,414819.7024,419094.2106,419588.0227,418194.8149,415079.4757,410593.9548,406552.7775,406641.9872,407420.3828,409288.5215,407633.2146,403085.4803,395826.7481,388346.5324,383456.6755,382243.4897,381804.297,382135.2847,381189.2887,380607.2664,380195.4578,380405.9562,381559.2864,381192.7382,380053.4753,377600.6698,376577.3633,374896.6547,373131.7796,370586.2483,368038.315,366113.8583,364341.9015,363446.9246,361952.2196,360382.1475,358160.4761,356764.7616,356131.2182,355077.3344,352509.1798,350672.5506,349834.5733,350915.7454,351809.6193,353236.7776,353602.3706,354090.4351,354431.4295,355859.233,357658.0741,360300.1165,362227.9133,363465.5074,364180.6213,364682.3853,365062.3577,364581.1195,364063.6227,363523.7424,362947.7348,362973.356,363819.0003,366229.8026,368459.1207,369394.5087,369548.6493,369762.8722,370795.5804,371882.8006,372344.1647,372321.1997,371212.6235,370360.3003,369958.3448,370701.7343,371702.9047,372563.0182,373372.1548,372915.8473,371858.6541,369926.3876,368477.4313,367887.2769,367438.8454,367781.4124,368774.3008,370925.2367,373843.8595,375986.887,377808.4837,378752.9939,379619.1,379827.1939,379570.6783,379464.1533,379278.8382,379272.5265,378971.7114,379073.9952,380427.68,382380.3638,384867.7691,386187.6007,386985.6446,386874.7436,387661.8197,389292.6591,391508.182,393280.6471,394566.2617,395488.425,396554.3713,397673.5094,399105.5052,400228.2447,400776.6359,401402.7619,402478.3618,404482.7593,405988.3504,407579.7631,408795.7424,410558.1614,412249.2627,413857.9497,415110.4696,416293.0064,417940.843,419784.1147,421643.3497,422654.5873,423760.8806,424696.573,426151.0791,427714.9135,430137.1319,432308.9618,434371.0555,436409.5572,439808.312,444015.6897,448158.731,451254.2923,452852.9452,454206.7891,456292.0609,460668.4705,467549.0195,476507.5785,487042.6179,497333.3878,507335.0546,517439.792,528713.0363,542427.9888,556093.9803,569168.3077,579524.2177,589133.3144,598261.1209,607740.4787,616699.6601,625601.1051,634877.8735,644792.9689,655905.6582,667509.7926,677921.2867,682296.5503,679457.5605,672936.836,667930.6214,665176.1652,663669.6622,663721.6174,665779.3944,669622.788,673957.9244,678156.1858,682528.3295,685842.2576,688825.993,690653.7899,692364.1214,693382.0969,694603.9876,695371.5262,697594.9103,701178.02,706197.1499
Salem County,NJ,"Philadelphia-Camden-Wilmington, PA-NJ-DE-MD",98924.53859,99072.94748,99243.58127,99745.88144,100365.617,101092.7301,101846.2576,102512.5199,103192.2226,103759.4399,104394.9293,104983.1483,105683.7292,106555.1049,107391.036,108260.9085,109003.1561,109822.3043,110535.3263,111195.0465,111840.0084,112475.0335,113180.3782,113962.2566,114890.793,116016.0682,117212.0805,118449.1464,119509.7326,120515.9724,121443.5092,122355.4307,123302.4507,124213.1908,124963.5458,125558.3859,126126.3863,126761.3274,127386.6342,127996.5453,128803.8383,129767.7039,130794.641,132369.3422,134267.2592,136520.4266,137849.9036,138815.1582,139486.2017,140708.8354,142120.7289,143723.6551,,,,133763.331,133922.3502,135048.795,136341.5609,137560.1819,138660.0267,139487.3793,140508.9499,142629.4372,145810.9274,149586.4634,152913.7449,155812.3013,158259.2099,160180.5884,162111.157,164350.7178,166495.6302,168772.1108,170756.2406,172943.0193,175321.0778,178012.0424,180608.0456,182255.2868,181624.8369,182065.5681,181781.4354,182431.8024,180889.615,180419.4026,181886.0332,184016.642,184966.011,184553.8055,184485.5195,185033.619,186235.9923,187740.7923,189224.184,189870.7896,189396.5498,188559.2888,187118.1955,185308.5844,184198.5746,183496.7251,183142.3651,182088.141,181021.4374,179605.3662,178349.6168,177170.4623,176686.4155,176031.7584,175163.5604,173758.0724,172733.9421,171825.2791,170999.8108,169895.5893,168964.1417,167942.4695,167214.62,166615.5244,166651.1979,166540.087,166299.7291,165725.2114,165279.9498,165006.5307,164829.4529,164642.3535,164341.8481,163543.2149,162711.7775,161851.45,161708.8883,161429.7316,160861.2455,159788.5799,158963.4822,158361.0942,157988.772,157434.3682,157022.1275,156363.4122,155854.7435,155336.5912,155392.1978,155591.5458,156586.7153,157434.816,158218.4745,157859.2822,156720.3878,154513.9202,154009.2699,154714.8216,156147.9212,156425.6158,156140.1594,155581.9516,155305.499,155363.4419,156187.6859,156139.3432,155337.8543,153707.5986,153516.7314,154474.4288,156413.3581,157486.1619,158000.1495,157894.1715,157702.3009,157700.1275,158692.9595,159472.2332,159872.6864,159103.5382,158864.2644,158729.0906,158959.0755,158639.0633,158440.6083,158418.2564,158656.3307,158619.1729,158949.0597,159160.9568,159370.5613,158671.1536,158379.3011,158611.1519,158995.7442,158803.7934,158472.7916,158597.9265,159238.4908,159606.5075,159895.0983,159653.5976,159318.9894,158325.7179,157617.9692,157454.0826,158203.0209,158922.826,158941.8339,158480.0084,158210.7939,158383.9441,158854.293,159062.0237,159067.0311,158748.6414,159026.036,159927.6082,161147.3145,161798.107,161570.4412,160868.1105,159995.8669,158575.1881,157578.8525,156638.8464,156827.1241,156433.8158,155984.0167,155385.957,155113.9537,154984.8216,155015.9645,155159.0189,155638.6218,156450.4381,157515.6365,158514.3017,159016.7488,159362.8192,159959.5405,160956.7051,162343.8691,163713.2406,165468.9956,167372.7575,169633.2475,172139.8578,173831.2457,174762.0458,174478.4224,174798.0859,176364.9443,179157.8192,182583.6889,185837.1476,189146.3131,192796.3122,196451.1375,200248.5244,204068.8338,208050.4999,211459.4857,214043.4581,215546.8779,216635.8964,218075.6916,219929.0962,222684.369,225484.6391,228226.7533,231244.0391,234339.8935,237587.1132,239000.4823,238905.8504,238106.7252,237831.3444,238012.9588,238080.7943,239321.0765,241076.0119,243679.8538,246143.3798,248848.8005,251591.6266,253817.6598,255755.8686,257681.396,259189.5487,260559.2622,261279.1165,261789.5546,263078.9321,265235.0102,268099.4053
